[22May2026 19:57:54.726] [main/INFO] [cpw.mods.modlauncher.Launcher/MODLAUNCHER]: ModLauncher running: args [--launchTarget, forgeserver, --fml.neoForgeVersion, 21.1.229, --fml.fmlVersion, 4.0.42, --fml.mcVersion, 1.21.1, --fml.neoFormVersion, 20240808.144430, nogui]
[22May2026 19:57:54.728] [main/INFO] [cpw.mods.modlauncher.Launcher/MODLAUNCHER]: JVM identified as Ubuntu OpenJDK 64-Bit Server VM 21.0.10+7-Ubuntu-124.04
[22May2026 19:57:54.729] [main/INFO] [cpw.mods.modlauncher.Launcher/MODLAUNCHER]: ModLauncher 11.0.5+main.901c6ea8 starting: java version 21.0.10 by Ubuntu; OS Linux arch amd64 version 6.8.0-1044-azure
[22May2026 19:57:55.290] [main/INFO] [net.neoforged.fml.loading.ImmediateWindowHandler/]: ImmediateWindowProvider not loading because launch target is forgeserver
[22May2026 19:57:55.350] [main/INFO] [mixin/]: SpongePowered MIXIN Subsystem Version=0.8.7 Source=union:/workspaces/new-neoforge-server-refluido-waos-1/servidor_minecraft/libraries/net/fabricmc/sponge-mixin/0.15.2+mixin.0.8.7/sponge-mixin-0.15.2+mixin.0.8.7.jar%2371!/ Service=ModLauncher Env=SERVER
[22May2026 19:57:55.681] [main/INFO] [net.neoforged.fml.loading.moddiscovery.ModDiscoverer/SCAN]: Found mod file "server-1.21.1-20240808.144430-srg.jar" [locator: production server provider +net.neoforged:neoforge:21.1.229:server]
[22May2026 19:57:55.709] [main/INFO] [net.neoforged.fml.loading.moddiscovery.ModDiscoverer/SCAN]: Found mod file "neoforge-21.1.229-universal.jar" [locator: PathBasedLocator[name=neoforge, paths=[libraries/net/neoforged/neoforge/21.1.229/neoforge-21.1.229-universal.jar]], reader: mod manifest]
[22May2026 19:57:55.728] [main/INFO] [net.neoforged.fml.loading.moddiscovery.ModDiscoverer/SCAN]: Found mod file "[1.21.1] SecurityCraft v1.10.1.jar" [locator: {mods folder locator at /workspaces/new-neoforge-server-refluido-waos-1/servidor_minecraft/mods}, reader: mod manifest]
[22May2026 19:57:55.732] [main/INFO] [net.neoforged.fml.loading.moddiscovery.ModDiscoverer/SCAN]: Found mod file "accessories-neoforge-1.1.0-beta.53+1.21.1.jar" [locator: {mods folder locator at /workspaces/new-neoforge-server-refluido-waos-1/servidor_minecraft/mods}, reader: mod manifest]
[22May2026 19:57:55.735] [main/INFO] [net.neoforged.fml.loading.moddiscovery.ModDiscoverer/SCAN]: Found mod file "addonslib-neoforge-1.21.1-1.10.jar" [locator: {mods folder locator at /workspaces/new-neoforge-server-refluido-waos-1/servidor_minecraft/mods}, reader: mod manifest]
[22May2026 19:57:55.739] [main/INFO] [net.neoforged.fml.loading.moddiscovery.ModDiscoverer/SCAN]: Found mod file "AdvancementPlaques-1.21.1-neoforge-1.6.8.jar" [locator: {mods folder locator at /workspaces/new-neoforge-server-refluido-waos-1/servidor_minecraft/mods}, reader: mod manifest]
[22May2026 19:57:55.748] [main/INFO] [net.neoforged.fml.loading.moddiscovery.ModDiscoverer/SCAN]: Found mod file "aether-1.21.1-1.5.10-neoforge.jar" [locator: {mods folder locator at /workspaces/new-neoforge-server-refluido-waos-1/servidor_minecraft/mods}, reader: mod manifest]
[22May2026 19:57:55.753] [main/INFO] [net.neoforged.fml.loading.moddiscovery.ModDiscoverer/SCAN]: Found mod file "alloyed-3.0.9+1.21.1-neoforge.jar" [locator: {mods folder locator at /workspaces/new-neoforge-server-refluido-waos-1/servidor_minecraft/mods}, reader: mod manifest]
[22May2026 19:57:55.756] [main/INFO] [net.neoforged.fml.loading.moddiscovery.ModDiscoverer/SCAN]: Found mod file "anvilcore-10.1 Release-neoforge-1.21.1.jar" [locator: {mods folder locator at /workspaces/new-neoforge-server-refluido-waos-1/servidor_minecraft/mods}, reader: mod manifest]
[22May2026 19:57:55.758] [main/INFO] [net.neoforged.fml.loading.moddiscovery.ModDiscoverer/SCAN]: Found mod file "appleskin-neoforge-mc1.21-3.0.9.jar" [locator: {mods folder locator at /workspaces/new-neoforge-server-refluido-waos-1/servidor_minecraft/mods}, reader: mod manifest]
[22May2026 19:57:55.761] [main/INFO] [net.neoforged.fml.loading.moddiscovery.ModDiscoverer/SCAN]: Found mod file "architectury-13.0.8-neoforge.jar" [locator: {mods folder locator at /workspaces/new-neoforge-server-refluido-waos-1/servidor_minecraft/mods}, reader: mod manifest]
[22May2026 19:57:55.764] [main/INFO] [net.neoforged.fml.loading.moddiscovery.ModDiscoverer/SCAN]: Found mod file "artifacts-neoforge-13.2.1.jar" [locator: {mods folder locator at /workspaces/new-neoforge-server-refluido-waos-1/servidor_minecraft/mods}, reader: mod manifest]
[22May2026 19:57:55.768] [main/INFO] [net.neoforged.fml.loading.moddiscovery.ModDiscoverer/SCAN]: Found mod file "balm-neoforge-1.21.1-21.0.56.jar" [locator: {mods folder locator at /workspaces/new-neoforge-server-refluido-waos-1/servidor_minecraft/mods}, reader: mod manifest]
[22May2026 19:57:55.777] [main/INFO] [net.neoforged.fml.loading.moddiscovery.ModDiscoverer/SCAN]: Found mod file "bellsandwhistles-0.4.7-1.21.1.jar" [locator: {mods folder locator at /workspaces/new-neoforge-server-refluido-waos-1/servidor_minecraft/mods}, reader: mod manifest]
[22May2026 19:57:55.786] [main/INFO] [net.neoforged.fml.loading.moddiscovery.ModDiscoverer/SCAN]: Found mod file "BiomesOPlenty-neoforge-1.21.1-21.1.0.13.jar" [locator: {mods folder locator at /workspaces/new-neoforge-server-refluido-waos-1/servidor_minecraft/mods}, reader: mod manifest]
[22May2026 19:57:55.794] [main/INFO] [net.neoforged.fml.loading.moddiscovery.ModDiscoverer/SCAN]: Found mod file "bits_n_bobs-0.0.44.jar" [locator: {mods folder locator at /workspaces/new-neoforge-server-refluido-waos-1/servidor_minecraft/mods}, reader: mod manifest]
[22May2026 19:57:55.797] [main/INFO] [net.neoforged.fml.loading.moddiscovery.ModDiscoverer/SCAN]: Found mod file "bookshelf-neoforge-1.21.1-21.1.81.jar" [locator: {mods folder locator at /workspaces/new-neoforge-server-refluido-waos-1/servidor_minecraft/mods}, reader: mod manifest]
[22May2026 19:57:55.802] [main/INFO] [net.neoforged.fml.loading.moddiscovery.ModDiscoverer/SCAN]: Found mod file "born_in_chaos_[Neoforge]_1.21.1_1.7.5.jar" [locator: {mods folder locator at /workspaces/new-neoforge-server-refluido-waos-1/servidor_minecraft/mods}, reader: mod manifest]
[22May2026 19:57:55.805] [main/INFO] [net.neoforged.fml.loading.moddiscovery.ModDiscoverer/SCAN]: Found mod file "cinematiccataclysm-1.0.1-1.21.1.jar" [locator: {mods folder locator at /workspaces/new-neoforge-server-refluido-waos-1/servidor_minecraft/mods}, reader: mod manifest]
[22May2026 19:57:55.808] [main/INFO] [net.neoforged.fml.loading.moddiscovery.ModDiscoverer/SCAN]: Found mod file "copycats-3.0.4+mc.1.21.1-neoforge.jar" [locator: {mods folder locator at /workspaces/new-neoforge-server-refluido-waos-1/servidor_minecraft/mods}, reader: mod manifest]
[22May2026 19:57:55.813] [main/INFO] [net.neoforged.fml.loading.moddiscovery.ModDiscoverer/SCAN]: Found mod file "cosmeticarmorreworked-1.21.1-v1-neoforge.jar" [locator: {mods folder locator at /workspaces/new-neoforge-server-refluido-waos-1/servidor_minecraft/mods}, reader: mod manifest]
[22May2026 19:57:55.815] [main/INFO] [net.neoforged.fml.loading.moddiscovery.ModDiscoverer/SCAN]: Found mod file "craftingtweaks-neoforge-1.21.1-21.1.10.jar" [locator: {mods folder locator at /workspaces/new-neoforge-server-refluido-waos-1/servidor_minecraft/mods}, reader: mod manifest]
[22May2026 19:57:55.819] [main/INFO] [net.neoforged.fml.loading.moddiscovery.ModDiscoverer/SCAN]: Found mod file "Create Encased-1.21.1-1.8-ht2.jar" [locator: {mods folder locator at /workspaces/new-neoforge-server-refluido-waos-1/servidor_minecraft/mods}, reader: mod manifest]
[22May2026 19:57:55.828] [main/INFO] [net.neoforged.fml.loading.moddiscovery.ModDiscoverer/SCAN]: Found mod file "create-1.21.1-6.0.10.jar" [locator: {mods folder locator at /workspaces/new-neoforge-server-refluido-waos-1/servidor_minecraft/mods}, reader: mod manifest]
[22May2026 19:57:55.831] [main/INFO] [net.neoforged.fml.loading.moddiscovery.ModDiscoverer/SCAN]: Found mod file "create-aeronautics-bundled-1.21.1-1.2.1.jar" [locator: {mods folder locator at /workspaces/new-neoforge-server-refluido-waos-1/servidor_minecraft/mods}, reader: mod manifest]
[22May2026 19:57:55.836] [main/INFO] [net.neoforged.fml.loading.moddiscovery.ModDiscoverer/SCAN]: Found mod file "create-confectionery1.21.1_v1.1.3b.jar" [locator: {mods folder locator at /workspaces/new-neoforge-server-refluido-waos-1/servidor_minecraft/mods}, reader: mod manifest]
[22May2026 19:57:55.839] [main/INFO] [net.neoforged.fml.loading.moddiscovery.ModDiscoverer/SCAN]: Found mod file "create-enchantment-industry-2.3.1.jar" [locator: {mods folder locator at /workspaces/new-neoforge-server-refluido-waos-1/servidor_minecraft/mods}, reader: mod manifest]
[22May2026 19:57:55.842] [main/INFO] [net.neoforged.fml.loading.moddiscovery.ModDiscoverer/SCAN]: Found mod file "create-gunsmithing-1.21.1-1.4.5.jar" [locator: {mods folder locator at /workspaces/new-neoforge-server-refluido-waos-1/servidor_minecraft/mods}, reader: mod manifest]
[22May2026 19:57:55.844] [main/INFO] [net.neoforged.fml.loading.moddiscovery.ModDiscoverer/SCAN]: Found mod file "create-new-age-1.1.7c+neoforge-mc1.21.1.jar" [locator: {mods folder locator at /workspaces/new-neoforge-server-refluido-waos-1/servidor_minecraft/mods}, reader: mod manifest]
[22May2026 19:57:55.847] [main/INFO] [net.neoforged.fml.loading.moddiscovery.ModDiscoverer/SCAN]: Found mod file "create-stuff-additions1.21.1_v2.1.2.jar" [locator: {mods folder locator at /workspaces/new-neoforge-server-refluido-waos-1/servidor_minecraft/mods}, reader: mod manifest]
[22May2026 19:57:55.849] [main/INFO] [net.neoforged.fml.loading.moddiscovery.ModDiscoverer/SCAN]: Found mod file "create_easy_structures-0.2a-neoforge-1.21.1.jar" [locator: {mods folder locator at /workspaces/new-neoforge-server-refluido-waos-1/servidor_minecraft/mods}, reader: mod manifest]
[22May2026 19:57:55.852] [main/INFO] [net.neoforged.fml.loading.moddiscovery.ModDiscoverer/SCAN]: Found mod file "create_hypertube-0.4.0-COMPAT-NEOFORGE.jar" [locator: {mods folder locator at /workspaces/new-neoforge-server-refluido-waos-1/servidor_minecraft/mods}, reader: mod manifest]
[22May2026 19:57:55.855] [main/INFO] [net.neoforged.fml.loading.moddiscovery.ModDiscoverer/SCAN]: Found mod file "create_optical-0.4.2.jar" [locator: {mods folder locator at /workspaces/new-neoforge-server-refluido-waos-1/servidor_minecraft/mods}, reader: mod manifest]
[22May2026 19:57:55.857] [main/INFO] [net.neoforged.fml.loading.moddiscovery.ModDiscoverer/SCAN]: Found mod file "create_oxidized-0.1.3.jar" [locator: {mods folder locator at /workspaces/new-neoforge-server-refluido-waos-1/servidor_minecraft/mods}, reader: mod manifest]
[22May2026 19:57:55.860] [main/INFO] [net.neoforged.fml.loading.moddiscovery.ModDiscoverer/SCAN]: Found mod file "create_ratatouille-1.21.1-1.3.9-2.jar" [locator: {mods folder locator at /workspaces/new-neoforge-server-refluido-waos-1/servidor_minecraft/mods}, reader: mod manifest]
[22May2026 19:57:55.863] [main/INFO] [net.neoforged.fml.loading.moddiscovery.ModDiscoverer/SCAN]: Found mod file "create_structures_arise-174.47.46 Release-neoforge-1.21.1.jar" [locator: {mods folder locator at /workspaces/new-neoforge-server-refluido-waos-1/servidor_minecraft/mods}, reader: mod manifest]
[22May2026 19:57:55.865] [main/INFO] [net.neoforged.fml.loading.moddiscovery.ModDiscoverer/SCAN]: Found mod file "create_ultimate_factory-2.2.4-neoforge-1.21.1.jar" [locator: {mods folder locator at /workspaces/new-neoforge-server-refluido-waos-1/servidor_minecraft/mods}, reader: mod manifest]
[22May2026 19:57:55.870] [main/INFO] [net.neoforged.fml.loading.moddiscovery.ModDiscoverer/SCAN]: Found mod file "createaddition-1.5.10.jar" [locator: {mods folder locator at /workspaces/new-neoforge-server-refluido-waos-1/servidor_minecraft/mods}, reader: mod manifest]
[22May2026 19:57:55.874] [main/INFO] [net.neoforged.fml.loading.moddiscovery.ModDiscoverer/SCAN]: Found mod file "createbetterfps-1.21.1-1.1.4.jar" [locator: {mods folder locator at /workspaces/new-neoforge-server-refluido-waos-1/servidor_minecraft/mods}, reader: mod manifest]
[22May2026 19:57:55.880] [main/INFO] [net.neoforged.fml.loading.moddiscovery.ModDiscoverer/SCAN]: Found mod file "createdeco-2.1.3.jar" [locator: {mods folder locator at /workspaces/new-neoforge-server-refluido-waos-1/servidor_minecraft/mods}, reader: mod manifest]
[22May2026 19:57:55.883] [main/INFO] [net.neoforged.fml.loading.moddiscovery.ModDiscoverer/SCAN]: Found mod file "createdieselgenerators-1.21.1-1.3.11.jar" [locator: {mods folder locator at /workspaces/new-neoforge-server-refluido-waos-1/servidor_minecraft/mods}, reader: mod manifest]
[22May2026 19:57:55.885] [main/INFO] [net.neoforged.fml.loading.moddiscovery.ModDiscoverer/SCAN]: Found mod file "CreateDragonsPlus-1.10.0b.jar" [locator: {mods folder locator at /workspaces/new-neoforge-server-refluido-waos-1/servidor_minecraft/mods}, reader: mod manifest]
[22May2026 19:57:55.890] [main/INFO] [net.neoforged.fml.loading.moddiscovery.ModDiscoverer/SCAN]: Found mod file "createframed-1.21.1-1.7.3.jar" [locator: {mods folder locator at /workspaces/new-neoforge-server-refluido-waos-1/servidor_minecraft/mods}, reader: mod manifest]
[22May2026 19:57:55.893] [main/INFO] [net.neoforged.fml.loading.moddiscovery.ModDiscoverer/SCAN]: Found mod file "createnuclear-1.3.2-beta.3-neoforge.jar" [locator: {mods folder locator at /workspaces/new-neoforge-server-refluido-waos-1/servidor_minecraft/mods}, reader: mod manifest]
[22May2026 19:57:55.897] [main/INFO] [net.neoforged.fml.loading.moddiscovery.ModDiscoverer/SCAN]: Found mod file "createoreexcavation-1.21-1.6.8.jar" [locator: {mods folder locator at /workspaces/new-neoforge-server-refluido-waos-1/servidor_minecraft/mods}, reader: mod manifest]
[22May2026 19:57:55.900] [main/INFO] [net.neoforged.fml.loading.moddiscovery.ModDiscoverer/SCAN]: Found mod file "createphotomovement-neoforge-1.21.1-0.3.3.jar" [locator: {mods folder locator at /workspaces/new-neoforge-server-refluido-waos-1/servidor_minecraft/mods}, reader: mod manifest]
[22May2026 19:57:55.902] [main/INFO] [net.neoforged.fml.loading.moddiscovery.ModDiscoverer/SCAN]: Found mod file "createteleporters-remastered-2.0.2b-neoforge-1.21.1.jar" [locator: {mods folder locator at /workspaces/new-neoforge-server-refluido-waos-1/servidor_minecraft/mods}, reader: mod manifest]
[22May2026 19:57:55.905] [main/INFO] [net.neoforged.fml.loading.moddiscovery.ModDiscoverer/SCAN]: Found mod file "CreativeCore_NEOFORGE_v2.13.38_mc1.21.1.jar" [locator: {mods folder locator at /workspaces/new-neoforge-server-refluido-waos-1/servidor_minecraft/mods}, reader: mod manifest]
[22May2026 19:57:55.907] [main/INFO] [net.neoforged.fml.loading.moddiscovery.ModDiscoverer/SCAN]: Found mod file "cumulus_menus-1.21.1-2.0.8-neoforge.jar" [locator: {mods folder locator at /workspaces/new-neoforge-server-refluido-waos-1/servidor_minecraft/mods}, reader: mod manifest]
[22May2026 19:57:55.915] [main/INFO] [net.neoforged.fml.loading.moddiscovery.ModDiscoverer/SCAN]: Found mod file "curios-neoforge-9.5.1+1.21.1.jar" [locator: {mods folder locator at /workspaces/new-neoforge-server-refluido-waos-1/servidor_minecraft/mods}, reader: mod manifest]
[22May2026 19:57:55.924] [main/INFO] [net.neoforged.fml.loading.moddiscovery.ModDiscoverer/SCAN]: Found mod file "deep_aether-1.21.1-1.1.5.1.jar" [locator: {mods folder locator at /workspaces/new-neoforge-server-refluido-waos-1/servidor_minecraft/mods}, reader: mod manifest]
[22May2026 19:57:55.929] [main/INFO] [net.neoforged.fml.loading.moddiscovery.ModDiscoverer/SCAN]: Found mod file "DungeonCrawl-NeoForge-1.21-2.3.17.jar" [locator: {mods folder locator at /workspaces/new-neoforge-server-refluido-waos-1/servidor_minecraft/mods}, reader: mod manifest]
[22May2026 19:57:55.937] [main/INFO] [net.neoforged.fml.loading.moddiscovery.ModDiscoverer/SCAN]: Found mod file "DungeonsArise-1.21.1-2.1.68-release.jar" [locator: {mods folder locator at /workspaces/new-neoforge-server-refluido-waos-1/servidor_minecraft/mods}, reader: mod manifest]
[22May2026 19:57:55.940] [main/INFO] [net.neoforged.fml.loading.moddiscovery.ModDiscoverer/SCAN]: Found mod file "echoes_of_the_end__structures_-11.00.12 Release-neoforge-1.21.1.jar" [locator: {mods folder locator at /workspaces/new-neoforge-server-refluido-waos-1/servidor_minecraft/mods}, reader: mod manifest]
[22May2026 19:57:55.943] [main/INFO] [net.neoforged.fml.loading.moddiscovery.ModDiscoverer/SCAN]: Found mod file "enchdesc-neoforge-1.21.1-21.1.9.jar" [locator: {mods folder locator at /workspaces/new-neoforge-server-refluido-waos-1/servidor_minecraft/mods}, reader: mod manifest]
[22May2026 19:57:55.949] [main/INFO] [net.neoforged.fml.loading.moddiscovery.ModDiscoverer/SCAN]: Found mod file "FarmersDelight-1.21.1-1.3.1.jar" [locator: {mods folder locator at /workspaces/new-neoforge-server-refluido-waos-1/servidor_minecraft/mods}, reader: mod manifest]
[22May2026 19:57:55.953] [main/INFO] [net.neoforged.fml.loading.moddiscovery.ModDiscoverer/SCAN]: Found mod file "fdlib-1.0.9-1.21.1.jar" [locator: {mods folder locator at /workspaces/new-neoforge-server-refluido-waos-1/servidor_minecraft/mods}, reader: mod manifest]
[22May2026 19:57:55.956] [main/INFO] [net.neoforged.fml.loading.moddiscovery.ModDiscoverer/SCAN]: Found mod file "ForgeConfigAPIPort-v21.1.6-1.21.1-NeoForge.jar" [locator: {mods folder locator at /workspaces/new-neoforge-server-refluido-waos-1/servidor_minecraft/mods}, reader: mod manifest]
[22May2026 19:57:55.957] [main/INFO] [net.neoforged.fml.loading.moddiscovery.ModDiscoverer/SCAN]: Found mod file "framework-neoforge-1.21.1-0.13.11.jar" [locator: {mods folder locator at /workspaces/new-neoforge-server-refluido-waos-1/servidor_minecraft/mods}, reader: mod manifest]
[22May2026 19:57:55.959] [main/INFO] [net.neoforged.fml.loading.moddiscovery.ModDiscoverer/SCAN]: Found mod file "geckolib-neoforge-1.21.1-4.8.4.jar" [locator: {mods folder locator at /workspaces/new-neoforge-server-refluido-waos-1/servidor_minecraft/mods}, reader: mod manifest]
[22May2026 19:57:55.960] [main/INFO] [net.neoforged.fml.loading.moddiscovery.ModDiscoverer/SCAN]: Found mod file "GlitchCore-neoforge-1.21.1-2.1.0.0.jar" [locator: {mods folder locator at /workspaces/new-neoforge-server-refluido-waos-1/servidor_minecraft/mods}, reader: mod manifest]
[22May2026 19:57:55.963] [main/INFO] [net.neoforged.fml.loading.moddiscovery.ModDiscoverer/SCAN]: Found mod file "goblintraders-neoforge-1.21.1-1.11.2.jar" [locator: {mods folder locator at /workspaces/new-neoforge-server-refluido-waos-1/servidor_minecraft/mods}, reader: mod manifest]
[22May2026 19:57:55.965] [main/INFO] [net.neoforged.fml.loading.moddiscovery.ModDiscoverer/SCAN]: Found mod file "Highlighter-1.21-neoforge-1.1.11.jar" [locator: {mods folder locator at /workspaces/new-neoforge-server-refluido-waos-1/servidor_minecraft/mods}, reader: mod manifest]
[22May2026 19:57:55.967] [main/INFO] [net.neoforged.fml.loading.moddiscovery.ModDiscoverer/SCAN]: Found mod file "Iceberg-1.21.1-neoforge-1.3.2.jar" [locator: {mods folder locator at /workspaces/new-neoforge-server-refluido-waos-1/servidor_minecraft/mods}, reader: mod manifest]
[22May2026 19:57:55.969] [main/INFO] [net.neoforged.fml.loading.moddiscovery.ModDiscoverer/SCAN]: Found mod file "infernalmobs-1.21.1.3NF.jar" [locator: {mods folder locator at /workspaces/new-neoforge-server-refluido-waos-1/servidor_minecraft/mods}, reader: mod manifest]
[22May2026 19:57:55.972] [main/INFO] [net.neoforged.fml.loading.moddiscovery.ModDiscoverer/SCAN]: Found mod file "iris-neoforge-1.8.12+mc1.21.1.jar" [locator: {mods folder locator at /workspaces/new-neoforge-server-refluido-waos-1/servidor_minecraft/mods}, reader: mod manifest]
[22May2026 19:57:55.975] [main/INFO] [net.neoforged.fml.loading.moddiscovery.ModDiscoverer/SCAN]: Found mod file "Jade-1.21.1-NeoForge-15.10.5.jar" [locator: {mods folder locator at /workspaces/new-neoforge-server-refluido-waos-1/servidor_minecraft/mods}, reader: mod manifest]
[22May2026 19:57:55.987] [main/INFO] [net.neoforged.fml.loading.moddiscovery.ModDiscoverer/SCAN]: Found mod file "jei-1.21.1-neoforge-19.27.0.340.jar" [locator: {mods folder locator at /workspaces/new-neoforge-server-refluido-waos-1/servidor_minecraft/mods}, reader: mod manifest]
[22May2026 19:57:55.994] [main/INFO] [net.neoforged.fml.loading.moddiscovery.ModDiscoverer/SCAN]: Found mod file "knightlib-neoforge-1.21.1-1.3.0.jar" [locator: {mods folder locator at /workspaces/new-neoforge-server-refluido-waos-1/servidor_minecraft/mods}, reader: mod manifest]
[22May2026 19:57:55.998] [main/INFO] [net.neoforged.fml.loading.moddiscovery.ModDiscoverer/SCAN]: Found mod file "knightquest-neoforge-1.21.1-1.9.0.jar" [locator: {mods folder locator at /workspaces/new-neoforge-server-refluido-waos-1/servidor_minecraft/mods}, reader: mod manifest]
[22May2026 19:57:56.002] [main/INFO] [net.neoforged.fml.loading.moddiscovery.ModDiscoverer/SCAN]: Found mod file "L_Ender's Cataclysm 1.21.1-3.27.jar" [locator: {mods folder locator at /workspaces/new-neoforge-server-refluido-waos-1/servidor_minecraft/mods}, reader: mod manifest]
[22May2026 19:57:56.003] [main/INFO] [net.neoforged.fml.loading.moddiscovery.ModDiscoverer/SCAN]: Found mod file "libtooltips-1.6.jar" [locator: {mods folder locator at /workspaces/new-neoforge-server-refluido-waos-1/servidor_minecraft/mods}, reader: mod manifest]
[22May2026 19:57:56.007] [main/INFO] [net.neoforged.fml.loading.moddiscovery.ModDiscoverer/SCAN]: Found mod file "lionfishapi-2.7-fix-fix.jar" [locator: {mods folder locator at /workspaces/new-neoforge-server-refluido-waos-1/servidor_minecraft/mods}, reader: mod manifest]
[22May2026 19:57:56.009] [main/INFO] [net.neoforged.fml.loading.moddiscovery.ModDiscoverer/SCAN]: Found mod file "lodestone-1.21.1-1.8.2.jar" [locator: {mods folder locator at /workspaces/new-neoforge-server-refluido-waos-1/servidor_minecraft/mods}, reader: mod manifest]
[22May2026 19:57:56.011] [main/INFO] [net.neoforged.fml.loading.moddiscovery.ModDiscoverer/SCAN]: Found mod file "mcef-neoforge-2.1.6-1.21.1.jar" [locator: {mods folder locator at /workspaces/new-neoforge-server-refluido-waos-1/servidor_minecraft/mods}, reader: mod manifest]
[22May2026 19:57:56.014] [main/INFO] [net.neoforged.fml.loading.moddiscovery.ModDiscoverer/SCAN]: Found mod file "mcw-bridges-3.1.2-mc1.21.1neoforge.jar" [locator: {mods folder locator at /workspaces/new-neoforge-server-refluido-waos-1/servidor_minecraft/mods}, reader: mod manifest]
[22May2026 19:57:56.016] [main/INFO] [net.neoforged.fml.loading.moddiscovery.ModDiscoverer/SCAN]: Found mod file "mcw-doors-1.1.5-mc1.21.1neoforge.jar" [locator: {mods folder locator at /workspaces/new-neoforge-server-refluido-waos-1/servidor_minecraft/mods}, reader: mod manifest]
[22May2026 19:57:56.038] [main/INFO] [net.neoforged.fml.loading.moddiscovery.ModDiscoverer/SCAN]: Found mod file "mcw-furniture-3.4.1-mc1.21.1neoforge.jar" [locator: {mods folder locator at /workspaces/new-neoforge-server-refluido-waos-1/servidor_minecraft/mods}, reader: mod manifest]
[22May2026 19:57:56.041] [main/INFO] [net.neoforged.fml.loading.moddiscovery.ModDiscoverer/SCAN]: Found mod file "mcw-holidays-1.1.2-mc1.21.1neoforge.jar" [locator: {mods folder locator at /workspaces/new-neoforge-server-refluido-waos-1/servidor_minecraft/mods}, reader: mod manifest]
[22May2026 19:57:56.043] [main/INFO] [net.neoforged.fml.loading.moddiscovery.ModDiscoverer/SCAN]: Found mod file "mcw-lights-1.1.5-mc1.21.1neoforge.jar" [locator: {mods folder locator at /workspaces/new-neoforge-server-refluido-waos-1/servidor_minecraft/mods}, reader: mod manifest]
[22May2026 19:57:56.044] [main/INFO] [net.neoforged.fml.loading.moddiscovery.ModDiscoverer/SCAN]: Found mod file "mcw-mcwfences-1.2.1-mc1.21.1neoforge.jar" [locator: {mods folder locator at /workspaces/new-neoforge-server-refluido-waos-1/servidor_minecraft/mods}, reader: mod manifest]
[22May2026 19:57:56.047] [main/INFO] [net.neoforged.fml.loading.moddiscovery.ModDiscoverer/SCAN]: Found mod file "mcw-mcwpaths-1.1.1-mc1.21.1neoforge.jar" [locator: {mods folder locator at /workspaces/new-neoforge-server-refluido-waos-1/servidor_minecraft/mods}, reader: mod manifest]
[22May2026 19:57:56.049] [main/INFO] [net.neoforged.fml.loading.moddiscovery.ModDiscoverer/SCAN]: Found mod file "mcw-mcwstairs-1.0.2-mc1.21.1neoforge.jar" [locator: {mods folder locator at /workspaces/new-neoforge-server-refluido-waos-1/servidor_minecraft/mods}, reader: mod manifest]
[22May2026 19:57:56.053] [main/INFO] [net.neoforged.fml.loading.moddiscovery.ModDiscoverer/SCAN]: Found mod file "mcw-mcwwindows-2.4.2-mc1.21.1neoforge.jar" [locator: {mods folder locator at /workspaces/new-neoforge-server-refluido-waos-1/servidor_minecraft/mods}, reader: mod manifest]
[22May2026 19:57:56.054] [main/INFO] [net.neoforged.fml.loading.moddiscovery.ModDiscoverer/SCAN]: Found mod file "mcw-paintings-1.1.0-mc1.21.1neoforge.jar" [locator: {mods folder locator at /workspaces/new-neoforge-server-refluido-waos-1/servidor_minecraft/mods}, reader: mod manifest]
[22May2026 19:57:56.058] [main/INFO] [net.neoforged.fml.loading.moddiscovery.ModDiscoverer/SCAN]: Found mod file "mcw-roofs-2.3.2-mc1.21.1neoforge.jar" [locator: {mods folder locator at /workspaces/new-neoforge-server-refluido-waos-1/servidor_minecraft/mods}, reader: mod manifest]
[22May2026 19:57:56.061] [main/INFO] [net.neoforged.fml.loading.moddiscovery.ModDiscoverer/SCAN]: Found mod file "mcw-trapdoors-1.1.5-mc1.21.1neoforge.jar" [locator: {mods folder locator at /workspaces/new-neoforge-server-refluido-waos-1/servidor_minecraft/mods}, reader: mod manifest]
[22May2026 19:57:56.069] [main/INFO] [net.neoforged.fml.loading.moddiscovery.ModDiscoverer/SCAN]: Found mod file "mcwbiomesoplenty-neoforge-1.21.1-1.5.jar" [locator: {mods folder locator at /workspaces/new-neoforge-server-refluido-waos-1/servidor_minecraft/mods}, reader: mod manifest]
[22May2026 19:57:56.071] [main/INFO] [net.neoforged.fml.loading.moddiscovery.ModDiscoverer/SCAN]: Found mod file "minersdelight-1.21.1-1.4.5.jar" [locator: {mods folder locator at /workspaces/new-neoforge-server-refluido-waos-1/servidor_minecraft/mods}, reader: mod manifest]
[22May2026 19:57:56.072] [main/INFO] [net.neoforged.fml.loading.moddiscovery.ModDiscoverer/SCAN]: Found mod file "moogs_structures-neoforge-1.21.1-2.0.2.jar" [locator: {mods folder locator at /workspaces/new-neoforge-server-refluido-waos-1/servidor_minecraft/mods}, reader: mod manifest]
[22May2026 19:57:56.074] [main/INFO] [net.neoforged.fml.loading.moddiscovery.ModDiscoverer/SCAN]: Found mod file "MoogsEndStructures-1.21-2.0.2.jar" [locator: {mods folder locator at /workspaces/new-neoforge-server-refluido-waos-1/servidor_minecraft/mods}, reader: mod manifest]
[22May2026 19:57:56.076] [main/INFO] [net.neoforged.fml.loading.moddiscovery.ModDiscoverer/SCAN]: Found mod file "moonlight-neoforge-1.21.1-3.0.7.jar" [locator: {mods folder locator at /workspaces/new-neoforge-server-refluido-waos-1/servidor_minecraft/mods}, reader: mod manifest]
[22May2026 19:57:56.078] [main/INFO] [net.neoforged.fml.loading.moddiscovery.ModDiscoverer/SCAN]: Found mod file "mowziesmobs-1.21.1-1.8.2.jar" [locator: {mods folder locator at /workspaces/new-neoforge-server-refluido-waos-1/servidor_minecraft/mods}, reader: mod manifest]
[22May2026 19:57:56.080] [main/INFO] [net.neoforged.fml.loading.moddiscovery.ModDiscoverer/SCAN]: Found mod file "MutantMonsters-v21.1.1-1.21.1-NeoForge.jar" [locator: {mods folder locator at /workspaces/new-neoforge-server-refluido-waos-1/servidor_minecraft/mods}, reader: mod manifest]
[22May2026 19:57:56.082] [main/INFO] [net.neoforged.fml.loading.moddiscovery.ModDiscoverer/SCAN]: Found mod file "MyNethersDelight-1.21.1-1.10.2.jar" [locator: {mods folder locator at /workspaces/new-neoforge-server-refluido-waos-1/servidor_minecraft/mods}, reader: mod manifest]
[22May2026 19:57:56.087] [main/INFO] [net.neoforged.fml.loading.moddiscovery.ModDiscoverer/SCAN]: Found mod file "netherdepthsupgrade-3.1.8-1.21.jar" [locator: {mods folder locator at /workspaces/new-neoforge-server-refluido-waos-1/servidor_minecraft/mods}, reader: mod manifest]
[22May2026 19:57:56.089] [main/INFO] [net.neoforged.fml.loading.moddiscovery.ModDiscoverer/SCAN]: Found mod file "ntgl-1.21.1-3.1.4.jar" [locator: {mods folder locator at /workspaces/new-neoforge-server-refluido-waos-1/servidor_minecraft/mods}, reader: mod manifest]
[22May2026 19:57:56.091] [main/INFO] [net.neoforged.fml.loading.moddiscovery.ModDiscoverer/SCAN]: Found mod file "owo-lib-neoforge-0.12.15.5-beta.1+1.21.jar" [locator: {mods folder locator at /workspaces/new-neoforge-server-refluido-waos-1/servidor_minecraft/mods}, reader: mod manifest]
[22May2026 19:57:56.093] [main/INFO] [net.neoforged.fml.loading.moddiscovery.ModDiscoverer/SCAN]: Found mod file "Paraglider-neoforge-21.1.5.jar" [locator: {mods folder locator at /workspaces/new-neoforge-server-refluido-waos-1/servidor_minecraft/mods}, reader: mod manifest]
[22May2026 19:57:56.094] [main/INFO] [net.neoforged.fml.loading.moddiscovery.ModDiscoverer/SCAN]: Found mod file "PlayerRevive_NEOFORGE_v2.1.2_mc1.21.1.jar" [locator: {mods folder locator at /workspaces/new-neoforge-server-refluido-waos-1/servidor_minecraft/mods}, reader: mod manifest]
[22May2026 19:57:56.097] [main/INFO] [net.neoforged.fml.loading.moddiscovery.ModDiscoverer/SCAN]: Found mod file "powergrid-mc1.21.1-0.5.5.1.jar" [locator: {mods folder locator at /workspaces/new-neoforge-server-refluido-waos-1/servidor_minecraft/mods}, reader: mod manifest]
[22May2026 19:57:56.098] [main/INFO] [net.neoforged.fml.loading.moddiscovery.ModDiscoverer/SCAN]: Found mod file "prickle-neoforge-1.21.1-21.1.11.jar" [locator: {mods folder locator at /workspaces/new-neoforge-server-refluido-waos-1/servidor_minecraft/mods}, reader: mod manifest]
[22May2026 19:57:56.100] [main/INFO] [net.neoforged.fml.loading.moddiscovery.ModDiscoverer/SCAN]: Found mod file "PuzzlesLib-v21.1.39-1.21.1-NeoForge.jar" [locator: {mods folder locator at /workspaces/new-neoforge-server-refluido-waos-1/servidor_minecraft/mods}, reader: mod manifest]
[22May2026 19:57:56.103] [main/INFO] [net.neoforged.fml.loading.moddiscovery.ModDiscoverer/SCAN]: Found mod file "sable-neoforge-1.21.1-1.2.2.jar" [locator: {mods folder locator at /workspaces/new-neoforge-server-refluido-waos-1/servidor_minecraft/mods}, reader: mod manifest]
[22May2026 19:57:56.105] [main/INFO] [net.neoforged.fml.loading.moddiscovery.ModDiscoverer/SCAN]: Found mod file "skinrestorer-2.7.0+1.21-neoforge.jar" [locator: {mods folder locator at /workspaces/new-neoforge-server-refluido-waos-1/servidor_minecraft/mods}, reader: mod manifest]
[22May2026 19:57:56.108] [main/INFO] [net.neoforged.fml.loading.moddiscovery.ModDiscoverer/SCAN]: Found mod file "sodium-neoforge-0.6.13+mc1.21.1.jar" [locator: {mods folder locator at /workspaces/new-neoforge-server-refluido-waos-1/servidor_minecraft/mods}, reader: mod manifest]
[22May2026 19:57:56.111] [main/INFO] [net.neoforged.fml.loading.moddiscovery.ModDiscoverer/SCAN]: Found mod file "sophisticatedbackpacks-1.21.1-3.25.44.1736.jar" [locator: {mods folder locator at /workspaces/new-neoforge-server-refluido-waos-1/servidor_minecraft/mods}, reader: mod manifest]
[22May2026 19:57:56.113] [main/INFO] [net.neoforged.fml.loading.moddiscovery.ModDiscoverer/SCAN]: Found mod file "sophisticatedcore-1.21.1-1.4.38.1847.jar" [locator: {mods folder locator at /workspaces/new-neoforge-server-refluido-waos-1/servidor_minecraft/mods}, reader: mod manifest]
[22May2026 19:57:56.118] [main/INFO] [net.neoforged.fml.loading.moddiscovery.ModDiscoverer/SCAN]: Found mod file "starcatcher-2.3.9-NEOFORGE-1.21.1.jar" [locator: {mods folder locator at /workspaces/new-neoforge-server-refluido-waos-1/servidor_minecraft/mods}, reader: mod manifest]
[22May2026 19:57:56.119] [main/INFO] [net.neoforged.fml.loading.moddiscovery.ModDiscoverer/SCAN]: Found mod file "starcatcher_delight-1.0-NEOFORGE-1.21.1.jar" [locator: {mods folder locator at /workspaces/new-neoforge-server-refluido-waos-1/servidor_minecraft/mods}, reader: mod manifest]
[22May2026 19:57:56.121] [main/INFO] [net.neoforged.fml.loading.moddiscovery.ModDiscoverer/SCAN]: Found mod file "supermartijn642configlib-1.1.8-neoforge-mc1.21.jar" [locator: {mods folder locator at /workspaces/new-neoforge-server-refluido-waos-1/servidor_minecraft/mods}, reader: mod manifest]
[22May2026 19:57:56.125] [main/INFO] [net.neoforged.fml.loading.moddiscovery.ModDiscoverer/SCAN]: Found mod file "supermartijn642corelib-1.1.21-neoforge-mc1.21.jar" [locator: {mods folder locator at /workspaces/new-neoforge-server-refluido-waos-1/servidor_minecraft/mods}, reader: mod manifest]
[22May2026 19:57:56.131] [main/INFO] [net.neoforged.fml.loading.moddiscovery.ModDiscoverer/SCAN]: Found mod file "supplementaries-neoforge-1.21.1-3.6.4.jar" [locator: {mods folder locator at /workspaces/new-neoforge-server-refluido-waos-1/servidor_minecraft/mods}, reader: mod manifest]
[22May2026 19:57:56.132] [main/INFO] [net.neoforged.fml.loading.moddiscovery.ModDiscoverer/SCAN]: Found mod file "TerraBlender-neoforge-1.21.1-4.1.0.8.jar" [locator: {mods folder locator at /workspaces/new-neoforge-server-refluido-waos-1/servidor_minecraft/mods}, reader: mod manifest]
[22May2026 19:57:56.135] [main/INFO] [net.neoforged.fml.loading.moddiscovery.ModDiscoverer/SCAN]: Found mod file "tombstone-neoforge-1.21.1-9.4.9.jar" [locator: {mods folder locator at /workspaces/new-neoforge-server-refluido-waos-1/servidor_minecraft/mods}, reader: mod manifest]
[22May2026 19:57:56.137] [main/INFO] [net.neoforged.fml.loading.moddiscovery.ModDiscoverer/SCAN]: Found mod file "too_many_bows-neoforge-1.21.1-3.4.0.jar" [locator: {mods folder locator at /workspaces/new-neoforge-server-refluido-waos-1/servidor_minecraft/mods}, reader: mod manifest]
[22May2026 19:57:56.139] [main/INFO] [net.neoforged.fml.loading.moddiscovery.ModDiscoverer/SCAN]: Found mod file "trading_floor-3.0.16.jar" [locator: {mods folder locator at /workspaces/new-neoforge-server-refluido-waos-1/servidor_minecraft/mods}, reader: mod manifest]
[22May2026 19:57:56.140] [main/INFO] [net.neoforged.fml.loading.moddiscovery.ModDiscoverer/SCAN]: Found mod file "trashslot-neoforge-1.21.1-21.1.10.jar" [locator: {mods folder locator at /workspaces/new-neoforge-server-refluido-waos-1/servidor_minecraft/mods}, reader: mod manifest]
[22May2026 19:57:56.142] [main/INFO] [net.neoforged.fml.loading.moddiscovery.ModDiscoverer/SCAN]: Found mod file "waystones-neoforge-1.21.1-21.1.32.jar" [locator: {mods folder locator at /workspaces/new-neoforge-server-refluido-waos-1/servidor_minecraft/mods}, reader: mod manifest]
[22May2026 19:57:56.144] [main/INFO] [net.neoforged.fml.loading.moddiscovery.ModDiscoverer/SCAN]: Found mod file "WebDisplays-REMASTER-2.0.0.jar" [locator: {mods folder locator at /workspaces/new-neoforge-server-refluido-waos-1/servidor_minecraft/mods}, reader: mod manifest]
[22May2026 19:57:56.146] [main/INFO] [net.neoforged.fml.loading.moddiscovery.ModDiscoverer/SCAN]: Found mod file "xaerominimap-neoforge-1.21.1-25.3.13.jar" [locator: {mods folder locator at /workspaces/new-neoforge-server-refluido-waos-1/servidor_minecraft/mods}, reader: mod manifest]
[22May2026 19:57:56.147] [main/INFO] [net.neoforged.fml.loading.moddiscovery.ModDiscoverer/SCAN]: Found mod file "xaeroworldmap-neoforge-1.21.1-1.40.16.jar" [locator: {mods folder locator at /workspaces/new-neoforge-server-refluido-waos-1/servidor_minecraft/mods}, reader: mod manifest]
[22May2026 19:57:57.050] [main/WARN] [net.neoforged.jarjar.selection.JarSelector/]: Attempted to select a dependency jar for JarJar which was passed in as source: terrablender. Using Mod File: /workspaces/new-neoforge-server-refluido-waos-1/servidor_minecraft/mods/TerraBlender-neoforge-1.21.1-4.1.0.8.jar
[22May2026 19:57:57.050] [main/WARN] [net.neoforged.jarjar.selection.JarSelector/]: Attempted to select a dependency jar for JarJar which was passed in as source: accessories. Using Mod File: /workspaces/new-neoforge-server-refluido-waos-1/servidor_minecraft/mods/accessories-neoforge-1.1.0-beta.53+1.21.1.jar
[22May2026 19:57:57.050] [main/WARN] [net.neoforged.jarjar.selection.JarSelector/]: Attempted to select a dependency jar for JarJar which was passed in as source: cumulus_menus. Using Mod File: /workspaces/new-neoforge-server-refluido-waos-1/servidor_minecraft/mods/cumulus_menus-1.21.1-2.0.8-neoforge.jar
[22May2026 19:57:57.051] [main/WARN] [net.neoforged.jarjar.selection.JarSelector/]: Attempted to select a dependency jar for JarJar which was passed in as source: libtooltips. Using Mod File: /workspaces/new-neoforge-server-refluido-waos-1/servidor_minecraft/mods/libtooltips-1.6.jar
[22May2026 19:57:57.051] [main/INFO] [net.neoforged.fml.loading.moddiscovery.locators.JarInJarDependencyLocator/]: Found 43 dependencies adding them to mods collection
[22May2026 19:57:57.051] [main/INFO] [net.neoforged.fml.loading.moddiscovery.ModDiscoverer/SCAN]: Found gamelibrary file "mixinextras-neoforge-0.5.3.jar" [parent: neoforge-21.1.229-universal.jar, locator: jarinjar, reader: mod manifest]
[22May2026 19:57:57.051] [main/INFO] [net.neoforged.fml.loading.moddiscovery.ModDiscoverer/SCAN]: Found mod file "fancytabsections-2.0-NEOFORGE-1.21.1.jar" [parent: starcatcher_delight-1.0-NEOFORGE-1.21.1.jar, locator: jarinjar, reader: mod manifest]
[22May2026 19:57:57.051] [main/INFO] [net.neoforged.fml.loading.moddiscovery.ModDiscoverer/SCAN]: Found mod file "kuma-api-neoforge-21.0.7+1.21.jar" [parent: balm-neoforge-1.21.1-21.0.56.jar, locator: jarinjar, reader: mod manifest]
[22May2026 19:57:57.051] [main/INFO] [net.neoforged.fml.loading.moddiscovery.ModDiscoverer/SCAN]: Found library file "gson-0.1.5.1.jar" [parent: owo-lib-neoforge-0.12.15.5-beta.1+1.21.jar, locator: jarinjar]
[22May2026 19:57:57.051] [main/INFO] [net.neoforged.fml.loading.moddiscovery.ModDiscoverer/SCAN]: Found mod file "fabric-renderer-api-v1-3.4.0+acb05a3919.jar" [parent: iris-neoforge-1.8.12+mc1.21.1.jar, locator: jarinjar, reader: mod manifest]
[22May2026 19:57:57.051] [main/INFO] [net.neoforged.fml.loading.moddiscovery.ModDiscoverer/SCAN]: Found mod file "fabric-api-base-0.4.42+d1308dedd1.jar" [parent: owo-lib-neoforge-0.12.15.5-beta.1+1.21.jar, locator: jarinjar, reader: mod manifest]
[22May2026 19:57:57.051] [main/INFO] [net.neoforged.fml.loading.moddiscovery.ModDiscoverer/SCAN]: Found library file "ejml-core-0.44.0.jar" [parent: powergrid-mc1.21.1-0.5.5.1.jar, locator: jarinjar]
[22May2026 19:57:57.051] [main/INFO] [net.neoforged.fml.loading.moddiscovery.ModDiscoverer/SCAN]: Found library file "glsl-processor-0.2.3.jar" [parent: veil-neoforge-1.21.1-4.0.0.jar, locator: jarinjar]
[22May2026 19:57:57.052] [main/INFO] [net.neoforged.fml.loading.moddiscovery.ModDiscoverer/SCAN]: Found library file "jankson-0.1.5.1.jar" [parent: owo-lib-neoforge-0.12.15.5-beta.1+1.21.jar, locator: jarinjar]
[22May2026 19:57:57.052] [main/INFO] [net.neoforged.fml.loading.moddiscovery.ModDiscoverer/SCAN]: Found mod file "tiny-multiblock-lib-neo-1.21.1-3.0.jar" [parent: wds-selling-bin-nrGOzmNu.jar, locator: jarinjar, reader: mod manifest]
[22May2026 19:57:57.052] [main/INFO] [net.neoforged.fml.loading.moddiscovery.ModDiscoverer/SCAN]: Found mod file "ponder-neoforge-1.0.82+mc1.21.1.jar" [parent: create-1.21.1-6.0.10.jar, locator: jarinjar, reader: mod manifest]
[22May2026 19:57:57.052] [main/INFO] [net.neoforged.fml.loading.moddiscovery.ModDiscoverer/SCAN]: Found library file "net.neoforged.neoforge-coremods-21.1.229.jar" [parent: neoforge-21.1.229-universal.jar, locator: jarinjar, reader: mod manifest]
[22May2026 19:57:57.052] [main/INFO] [net.neoforged.fml.loading.moddiscovery.ModDiscoverer/SCAN]: Found mod file "xaerolib-neoforge-1.21.1-1.1.15.jar" [parent: xaerominimap-neoforge-1.21.1-25.3.13.jar, locator: jarinjar, reader: mod manifest]
[22May2026 19:57:57.052] [main/INFO] [net.neoforged.fml.loading.moddiscovery.ModDiscoverer/SCAN]: Found mod file "dev.eriksonn.aeronautics.aeronautics-neoforge-1.21.1-1.2.1.jar" [parent: create-aeronautics-bundled-1.21.1-1.2.1.jar, locator: jarinjar, reader: mod manifest]
[22May2026 19:57:57.052] [main/INFO] [net.neoforged.fml.loading.moddiscovery.ModDiscoverer/SCAN]: Found library file "MixinSquared-0.3.3.jar" [parent: mixinsquared-forge-0.3.3.jar, locator: jarinjar]
[22May2026 19:57:57.052] [main/INFO] [net.neoforged.fml.loading.moddiscovery.ModDiscoverer/SCAN]: Found library file "java-client-3.2.1-SNAPSHOT.jar" [parent: skinrestorer-2.7.0+1.21-neoforge.jar, locator: jarinjar]
[22May2026 19:57:57.052] [main/INFO] [net.neoforged.fml.loading.moddiscovery.ModDiscoverer/SCAN]: Found library file "jcpp-1.4.14.jar" [parent: iris-neoforge-1.8.12+mc1.21.1.jar, locator: jarinjar]
[22May2026 19:57:57.052] [main/INFO] [net.neoforged.fml.loading.moddiscovery.ModDiscoverer/SCAN]: Found mod file "aeroblender-1.21.1-1.0.0-neoforge.jar" [parent: deep_aether-1.21.1-1.1.5.1.jar, locator: jarinjar, reader: mod manifest]
[22May2026 19:57:57.052] [main/INFO] [net.neoforged.fml.loading.moddiscovery.ModDiscoverer/SCAN]: Found mod file "wds-selling-bin-nrGOzmNu.jar" [parent: starcatcher-2.3.9-NEOFORGE-1.21.1.jar, locator: jarinjar, reader: mod manifest]
[22May2026 19:57:57.052] [main/INFO] [net.neoforged.fml.loading.moddiscovery.ModDiscoverer/SCAN]: Found mod file "sable-companion-common-1.21.1-1.6.0.jar" [parent: sable-neoforge-1.21.1-1.2.2.jar, locator: jarinjar, reader: mod manifest]
[22May2026 19:57:57.053] [main/INFO] [net.neoforged.fml.loading.moddiscovery.ModDiscoverer/SCAN]: Found mod file "flywheel-neoforge-1.21.1-1.0.6.jar" [parent: create-1.21.1-6.0.10.jar, locator: jarinjar, reader: mod manifest]
[22May2026 19:57:57.053] [main/INFO] [net.neoforged.fml.loading.moddiscovery.ModDiscoverer/SCAN]: Found mod file "emberstextapi-neoforge-1.21.1-2.9.3.jar" [parent: libtooltips-5J15zxaI.jar, locator: jarinjar, reader: mod manifest]
[22May2026 19:57:57.053] [main/INFO] [net.neoforged.fml.loading.moddiscovery.ModDiscoverer/SCAN]: Found library file "netty-0.1.4.1.jar" [parent: owo-lib-neoforge-0.12.15.5-beta.1+1.21.jar, locator: jarinjar]
[22May2026 19:57:57.053] [main/INFO] [net.neoforged.fml.loading.moddiscovery.ModDiscoverer/SCAN]: Found library file "endec-0.1.8.1.jar" [parent: owo-lib-neoforge-0.12.15.5-beta.1+1.21.jar, locator: jarinjar]
[22May2026 19:57:57.053] [main/INFO] [net.neoforged.fml.loading.moddiscovery.ModDiscoverer/SCAN]: Found library file "glsl-transformer-2.0.1.jar" [parent: iris-neoforge-1.8.12+mc1.21.1.jar, locator: jarinjar]
[22May2026 19:57:57.053] [main/INFO] [net.neoforged.fml.loading.moddiscovery.ModDiscoverer/SCAN]: Found mod file "fabric-block-view-api-v2-1.0.10+9afaaf8c19.jar" [parent: iris-neoforge-1.8.12+mc1.21.1.jar, locator: jarinjar, reader: mod manifest]
[22May2026 19:57:57.053] [main/INFO] [net.neoforged.fml.loading.moddiscovery.ModDiscoverer/SCAN]: Found mod file "veil-neoforge-1.21.1-4.0.0.jar" [parent: sable-neoforge-1.21.1-1.2.2.jar, locator: jarinjar, reader: mod manifest]
[22May2026 19:57:57.053] [main/INFO] [net.neoforged.fml.loading.moddiscovery.ModDiscoverer/SCAN]: Found library file "net.caffeinemc.sodium-neoforge-0.6.13+mc1.21.1-service.jar" [parent: sodium-neoforge-0.6.13+mc1.21.1.jar, locator: jarinjar, reader: mod manifest]
[22May2026 19:57:57.053] [main/INFO] [net.neoforged.fml.loading.moddiscovery.ModDiscoverer/SCAN]: Found library file "kaleido-config-0.3.3+1.3.2.jar" [parent: alloyed-3.0.9+1.21.1-neoforge.jar, locator: jarinjar]
[22May2026 19:57:57.053] [main/INFO] [net.neoforged.fml.loading.moddiscovery.ModDiscoverer/SCAN]: Found library file "ejml-ddense-0.44.0.jar" [parent: powergrid-mc1.21.1-0.5.5.1.jar, locator: jarinjar]
[22May2026 19:57:57.053] [main/INFO] [net.neoforged.fml.loading.moddiscovery.ModDiscoverer/SCAN]: Found mod file "dev.simulated_team.simulated.simulated-neoforge-1.21.1-1.2.1.jar" [parent: create-aeronautics-bundled-1.21.1-1.2.1.jar, locator: jarinjar, reader: mod manifest]
[22May2026 19:57:57.053] [main/INFO] [net.neoforged.fml.loading.moddiscovery.ModDiscoverer/SCAN]: Found gamelibrary file "mixinsquared-forge-0.3.3.jar" [parent: supplementaries-neoforge-1.21.1-3.6.4.jar, locator: jarinjar, reader: mod manifest]
[22May2026 19:57:57.053] [main/INFO] [net.neoforged.fml.loading.moddiscovery.ModDiscoverer/SCAN]: Found mod file "conditional-mixin-neoforge-0.6.4.jar" [parent: CreateDragonsPlus-1.10.0b.jar, locator: jarinjar, reader: mod manifest]
[22May2026 19:57:57.053] [main/INFO] [net.neoforged.fml.loading.moddiscovery.ModDiscoverer/SCAN]: Found mod file "fabric-rendering-data-attachment-v1-0.3.48+73761d2e19.jar" [parent: iris-neoforge-1.8.12+mc1.21.1.jar, locator: jarinjar, reader: mod manifest]
[22May2026 19:57:57.053] [main/INFO] [net.neoforged.fml.loading.moddiscovery.ModDiscoverer/SCAN]: Found library file "molang-compiler-3.1.1.19.jar" [parent: veil-neoforge-1.21.1-4.0.0.jar, locator: jarinjar]
[22May2026 19:57:57.054] [main/INFO] [net.neoforged.fml.loading.moddiscovery.ModDiscoverer/SCAN]: Found mod file "nitrogen_internals-1.21.1-1.1.25-neoforge.jar" [parent: aether-1.21.1-1.5.10-neoforge.jar, locator: jarinjar, reader: mod manifest]
[22May2026 19:57:57.054] [main/INFO] [net.neoforged.fml.loading.moddiscovery.ModDiscoverer/SCAN]: Found library file "ejml-dsparse-0.44.0.jar" [parent: powergrid-mc1.21.1-0.5.5.1.jar, locator: jarinjar]
[22May2026 19:57:57.054] [main/INFO] [net.neoforged.fml.loading.moddiscovery.ModDiscoverer/SCAN]: Found gamelibrary file "Registrate-MC1.21-1.3.0+67.jar" [parent: create-1.21.1-6.0.10.jar, locator: jarinjar, reader: mod manifest]
[22May2026 19:57:57.054] [main/INFO] [net.neoforged.fml.loading.moddiscovery.ModDiscoverer/SCAN]: Found mod file "expandability-neoforge-12.0.0.jar" [parent: artifacts-neoforge-13.2.1.jar, locator: jarinjar, reader: mod manifest]
[22May2026 19:57:57.054] [main/INFO] [net.neoforged.fml.loading.moddiscovery.ModDiscoverer/SCAN]: Found mod file "dev.ryanhcode.offroad.offroad-neoforge-1.21.1-1.2.1.jar" [parent: create-aeronautics-bundled-1.21.1-1.2.1.jar, locator: jarinjar, reader: mod manifest]
[22May2026 19:57:57.054] [main/INFO] [net.neoforged.fml.loading.moddiscovery.ModDiscoverer/SCAN]: Found library file "ejml-simple-0.44.0.jar" [parent: powergrid-mc1.21.1-0.5.5.1.jar, locator: jarinjar]
[22May2026 19:57:57.054] [main/INFO] [net.neoforged.fml.loading.moddiscovery.ModDiscoverer/SCAN]: Found mod file "esl-neoforge-1.21.1-1.0.3+neoforge-mc1.21.1.jar" [parent: create-new-age-1.1.7c+neoforge-mc1.21.1.jar, locator: jarinjar, reader: mod manifest]
[22May2026 19:57:57.054] [main/INFO] [net.neoforged.fml.loading.moddiscovery.ModDiscoverer/SCAN]: Found library file "jankson-1.2.2.jar" [parent: owo-lib-neoforge-0.12.15.5-beta.1+1.21.jar, locator: jarinjar]
[22May2026 19:57:57.058] [main/INFO] [net.neoforged.fml.loading.moddiscovery.ModDiscoverer/]: 
     Mod List:
		Name Version (Mod Id)

		Accessories 1.1.0-beta.53+1.21.1 (accessories)
		Addons Lib 1.21.1-1.10 (addonslib)
		Advancement Plaques 1.6.8 (advancementplaques)
		AeroBlender 1.0.0 (aeroblender)
		Alloyed 3.0.9+1.21.1 (alloyed)
		AnvilCore 10.1 (anvilcore)
		AppleSkin 3.0.9+mc1.21 (appleskin)
		Architectury 13.0.8 (architectury)
		Artifacts 13.2.1 (artifacts)
		Balm 21.0.56 (balm)
		Biomes O' Plenty 21.1.0.13 (biomesoplenty)
		Bookshelf 21.1.81 (bookshelf)
		Born in Chaos  1.7.5 (born_in_chaos_v1)
		Cinematic Cataclysm 1.0.1 (cinematiccataclysm)
		conditional mixin 0.6.4 (conditional_mixin)
		Corail Tombstone 9.4.9 (tombstone)
		CosmeticArmorReworked 1.21.1-v1-neoforge (cosmeticarmorreworked)
		Crafting Tweaks 21.1.10 (craftingtweaks)
		Create 6.0.10 (create)
		Create Aeronautics 1.2.1 (aeronautics_bundled)
		Create Aeronautics 1.2.1 (aeronautics)
		Create Bits 'n' Bobs 0.0.44 (bits_n_bobs)
		Create Confectionery 1.1.3. (create_confectionery)
		Create Crafts & Additions 1.5.10 (createaddition)
		Create Deco 2.1.3 (createdeco)
		Create Diesel Generators 1.21.1-1.3.11 (createdieselgenerators)
		Create Encased 1.8-ht2 (createcasing)
		Create Hypertube 0.4.0-COMPAT (create_hypertube)
		Create Nuclear 1.3.2-beta.3 (createnuclear)
		Create Offroad 1.2.1 (offroad)
		Create Optical Mod 0.4.2 (create_optical)
		Create Ore Excavation 1.6.8 (createoreexcavation)
		Create Photomovement 0.3.3 (createphotomovement)
		Create Simulated 1.2.1 (simulated)
		Create Stuff 'N Additions 2.1.2 (create_sa)
		Create Teleporters Remastered 2.0.2 (createteleporters)
		Create: Bells & Whistles 0.4.7-1.21.1 (bellsandwhistles)
		Create: Copycats+ 3.0.4+mc.1.21.1-neoforge (copycats)
		Create: Dragons Plus 1.10.0b (create_dragons_plus)
		Create: Easy Structures 0.2 (create_easy_structures)
		Create: Enchantment Industry 2.3.1 (create_enchantment_industry)
		Create: Framed 1.7.3 (createframed)
		Create: Gunsmithing 1.4.5 (cgs)
		Create: New Age 1.1.7c+mc1.21.1 (create_new_age)
		Create: Oxidized 0.1.3 (create_oxidized)
		Create: Power Grid 0.5.5.1 (powergrid)
		Create: Structures Arise 174.47.46 (create_structures_arise)
		Create: Trading Floor 3.0.16 (trading_floor)
		Create: Ultimate Factory 2.2.4 (create_ultimate_factory)
		CreateBetterFps 1.1.4 (createbetterfps)
		CreativeCore 2.13.38 (creativecore)
		Cumulus 2.0.8 (cumulus_menus)
		Curios API 9.5.1+1.21.1 (curios)
		Deep Aether 1.21.1-1.1.5.1 (deep_aether)
		Dungeon Crawl 2.3.17 (dungeoncrawl)
		Echoes of the End ( Structures ) 11.00.12 (echoes_of_the_end__structures_)
		Ember's Text API 2.9.3 (emberstextapi)
		EnchantmentDescriptions 21.1.9 (enchdesc)
		ESL 1.0.3 (esl)
		ExpandAbility 12.0.0 (expandability)
		Fancy Tab Sections 2.0-NEOFORGE-1.21.1 (fancytabsections)
		Farmer's Delight 1.3.1 (farmersdelight)
		FDLib 1.0.9 (fdlib)
		Flywheel 1.0.6 (flywheel)
		Forge Config API Port 21.1.6 (forgeconfigapiport)
		Forgified Fabric API Base 0.4.42+d1308dedd1 (fabric_api_base)
		Forgified Fabric BlockView API (v2) 1.0.10+9afaaf8c19 (fabric_block_view_api_v2)
		Forgified Fabric Renderer API (v1) 3.4.0+acb05a3919 (fabric_renderer_api_v1)
		Forgified Fabric Rendering Data Attachment (v1) 0.3.48+73761d2e19 (fabric_rendering_data_attachment_v1)
		Framework 0.13.11 (framework)
		GeckoLib 4 4.8.4 (geckolib)
		GlitchCore 2.1.0.0 (glitchcore)
		Goblin Traders 1.11.2 (goblintraders)
		Highlighter 1.1.11 (highlighter)
		Iceberg 1.3.2 (iceberg)
		Infernal Mobs 1.21.1.3NF (infernalmobs)
		Iris 1.8.12-snapshot+mc1.21.1-local (iris)
		Jade 15.10.5+neoforge (jade)
		Just Enough Items 19.27.0.340 (jei)
		Knight Lib 1.3.0 (knightlib)
		Knight Quest 1.9.0 (knightquest)
		KumaAPI 21.0.7 (kuma_api)
		L_Ender's Cataclysm 1.21.1 3.27 (cataclysm)
		lionfishapi 2.7 (lionfishapi)
		Lodestone 1.8.2 (lodestone)
		Macaw's Biomes O' Plenty 1.21.1-1.5 (mcwbiomesoplenty)
		Macaw's Bridges 3.1.2 (mcwbridges)
		Macaw's Doors 1.1.5 (mcwdoors)
		Macaw's Fences and Walls 1.2.1 (mcwfences)
		Macaw's Furniture 3.4.1 (mcwfurnitures)
		Macaw's Holidays 1.1.2 (mcwholidays)
		Macaw's Lights and Lamps 1.1.5 (mcwlights)
		Macaw's Paintings 1.1.0 (mcwpaintings)
		Macaw's Paths and Pavings 1.1.1 (mcwpaths)
		Macaw's Roofs 2.3.2 (mcwroofs)
		Macaw's Stairs and Balconies 1.0.2 (mcwstairs)
		Macaw's Trapdoors 1.1.5 (mcwtrpdoors)
		Macaw's Windows 2.4.2 (mcwwindows)
		MCEF (Minecraft Chromium Embedded Framework) 2.1.6-1.21.1 (mcef)
		Minecraft 1.21.1 (minecraft)
		Miners Delight 1.4.5 (minersdelight)
		Moog's Structure Lib 2.0.2 (moogs_structures)
		MoogsEndStructures 2.0.2 (mes)
		Moonlight Lib 1.21.1-3.0.7 (moonlight)
		Mowzie's Mobs 1.8.2 (mowziesmobs)
		Mutant Monsters 21.1.1 (mutantmonsters)
		My Nether's Delight 1.10.2 (mynethersdelight)
		NeoForge 21.1.229 (neoforge)
		Nether Depths Upgrade 3.1.8 (netherdepthsupgrade)
		Nitrogen 1.1.25 (nitrogen_internals)
		NukaTeam's Gun Lib 3.1.4 (ntgl)
		oωo 0.12.15.5-beta.1+1.21 (owo)
		Paraglider 21.1.5 (paraglider)
		PlayerRevive 2.1.2 (playerrevive)
		Ponder 1.0.82+mc1.21.1 (ponder)
		PrickleMC 21.1.11 (prickle)
		Puzzles Lib 21.1.39 (puzzleslib)
		Ratatouille 1.3.9-2 (ratatouille)
		Sable 1.2.2 (sable)
		Sable Companion 1.6.0 (sablecompanion)
		SecurityCraft 1.10.1 (securitycraft)
		SkinRestorer 2.7.0+1.21-neoforge (skinrestorer)
		Sodium 0.6.13+mc1.21.1 (sodium)
		Sophisticated Backpacks 3.25.44 (sophisticatedbackpacks)
		Sophisticated Core 1.4.38 (sophisticatedcore)
		Starcatcher 2.3.9-NEOFORGE-1.21.1 (starcatcher)
		Starcatcher's Delight 1.0-NEOFORGE-1.21.1 (starcatcher_delight)
		SuperMartijn642's Config Library 1.1.8 (supermartijn642configlib)
		SuperMartijn642's Core Lib 1.1.21 (supermartijn642corelib)
		Supplementaries 1.21.1-3.6.4 (supplementaries)
		TerraBlender 4.1.0.8 (terrablender)
		The Aether 1.5.10 (aether)
		Tiny Multiblock Lib 3.0 (tinymultiblocklib)
		Too Many Bows 1.21.1-3.4.0 (too_many_bows)
		TrashSlot 21.1.10 (trashslot)
		Veil 4.0.0 (veil)
		Waystones 21.1.32 (waystones)
		wd's Selling Bin 1.4.1-NEOFORGE-1.21.1 (selling_bin)
		wd's Tooltips Library 1.6 (libtooltips)
		WebDisplays REMASTER 2.0.0 (webdisplays)
		When Dungeons Arise 2.1.68 (dungeons_arise)
		Xaero's Minimap 25.3.13 (xaerominimap)
		Xaero's World Map 1.40.16 (xaeroworldmap)
		XaeroLib 1.1.15 (xaerolib)
[22May2026 19:57:57.620] [main/INFO] [net.neoforged.fml.loading.FMLServiceProvider/CORE]: Loading coremod script-engine for [xaeroworldmap, xaerominimap]
[22May2026 19:58:00.516] [main/INFO] [mixin/]: Compatibility level set to JAVA_17
[22May2026 19:58:00.518] [main/INFO] [mixin/]: Compatibility level set to JAVA_21
[22May2026 19:58:00.845] [main/INFO] [cpw.mods.modlauncher.LaunchServiceHandler/MODLAUNCHER]: Launching target 'forgeserver' with arguments [nogui]
[22May2026 19:58:00.881] [main/WARN] [mixin/]: Reference map 'kuma_api.refmap.json' for kuma_api.mixins.json could not be read. If this is a development environment you can ignore this message
[22May2026 19:58:00.883] [main/WARN] [mixin/]: Reference map 'tinymultiblocklib.refmap.json' for tinymultiblocklib.mixins.json could not be read. If this is a development environment you can ignore this message
[22May2026 19:58:00.884] [main/WARN] [mixin/]: Reference map 'tinymultiblocklib.refmap.json' for tinymultiblocklib.neoforge.mixins.json could not be read. If this is a development environment you can ignore this message
[22May2026 19:58:00.888] [main/WARN] [mixin/]: Reference map 'aether.refmap.json' for aether.mixins.json could not be read. If this is a development environment you can ignore this message
[22May2026 19:58:00.889] [main/WARN] [mixin/]: Reference map 'minersdelight.refmap.json' for minersdelight.mixins.json could not be read. If this is a development environment you can ignore this message
[22May2026 19:58:00.890] [main/WARN] [mixin/]: Reference map 'emberstextapi.refmap.json' for emberstextapi.mixins.json could not be read. If this is a development environment you can ignore this message
[22May2026 19:58:00.892] [main/WARN] [mixin/]: Reference map 'xaeroworldmap.refmap.json' for xaeroworldmap.mixins.json could not be read. If this is a development environment you can ignore this message
[22May2026 19:58:00.895] [main/WARN] [mixin/]: Reference map 'iris.refmap.json' for mixins.iris.json could not be read. If this is a development environment you can ignore this message
[22May2026 19:58:00.895] [main/WARN] [mixin/]: Reference map 'iris.refmap.json' for mixins.iris.fantastic.json could not be read. If this is a development environment you can ignore this message
[22May2026 19:58:00.896] [main/WARN] [mixin/]: Reference map 'iris.refmap.json' for mixins.iris.vertexformat.json could not be read. If this is a development environment you can ignore this message
[22May2026 19:58:00.896] [main/WARN] [mixin/]: Reference map 'iris.refmap.json' for iris-batched-entity-rendering.mixins.json could not be read. If this is a development environment you can ignore this message
[22May2026 19:58:00.897] [main/WARN] [mixin/]: Reference map 'iris.refmap.json' for mixins.iris.compat.sodium.json could not be read. If this is a development environment you can ignore this message
[22May2026 19:58:00.899] [main/WARN] [mixin/]: Reference map 'createcasing.refmap.json' for createcasing.mixins.json could not be read. If this is a development environment you can ignore this message
[22May2026 19:58:00.900] [main/WARN] [mixin/]: Reference map 'bookshelf.refmap.json' for bookshelf.mixins.json could not be read. If this is a development environment you can ignore this message
[22May2026 19:58:00.939] [main/WARN] [mixin/]: Reference map 'veil.refmap.json' for veil.command.mixins.json could not be read. If this is a development environment you can ignore this message
[22May2026 19:58:00.940] [main/WARN] [mixin/]: Reference map 'veil.refmap.json' for veil.debug.mixins.json could not be read. If this is a development environment you can ignore this message
[22May2026 19:58:00.942] [main/WARN] [mixin/]: Reference map 'veil.refmap.json' for veil.dynamicbuffer.mixins.json could not be read. If this is a development environment you can ignore this message
[22May2026 19:58:00.943] [main/WARN] [mixin/]: Reference map 'veil.refmap.json' for veil.fix.mixins.json could not be read. If this is a development environment you can ignore this message
[22May2026 19:58:00.943] [main/WARN] [mixin/]: Reference map 'veil.refmap.json' for veil.framebuffer.mixins.json could not be read. If this is a development environment you can ignore this message
[22May2026 19:58:00.944] [main/WARN] [mixin/]: Reference map 'veil.refmap.json' for veil.necromancer.mixins.json could not be read. If this is a development environment you can ignore this message
[22May2026 19:58:00.945] [main/WARN] [mixin/]: Reference map 'veil.refmap.json' for veil.network.mixins.json could not be read. If this is a development environment you can ignore this message
[22May2026 19:58:00.946] [main/WARN] [mixin/]: Reference map 'veil.refmap.json' for veil.performance.mixins.json could not be read. If this is a development environment you can ignore this message
[22May2026 19:58:00.946] [main/WARN] [mixin/]: Reference map 'veil.refmap.json' for veil.perspective.mixins.json could not be read. If this is a development environment you can ignore this message
[22May2026 19:58:00.947] [main/WARN] [mixin/]: Reference map 'veil.refmap.json' for veil.pipeline.mixins.json could not be read. If this is a development environment you can ignore this message
[22May2026 19:58:00.947] [main/WARN] [mixin/]: Reference map 'veil.refmap.json' for veil.quasar.mixins.json could not be read. If this is a development environment you can ignore this message
[22May2026 19:58:00.948] [main/WARN] [mixin/]: Reference map 'veil.refmap.json' for veil.registry.mixins.json could not be read. If this is a development environment you can ignore this message
[22May2026 19:58:00.948] [main/WARN] [mixin/]: Reference map 'veil.refmap.json' for veil.rendertype.mixins.json could not be read. If this is a development environment you can ignore this message
[22May2026 19:58:00.949] [main/WARN] [mixin/]: Reference map 'veil.refmap.json' for veil.resource.mixins.json could not be read. If this is a development environment you can ignore this message
[22May2026 19:58:00.950] [main/WARN] [mixin/]: Reference map 'veil.refmap.json' for veil.scheduler.mixins.json could not be read. If this is a development environment you can ignore this message
[22May2026 19:58:00.950] [main/WARN] [mixin/]: Reference map 'veil.refmap.json' for veil.shader.mixins.json could not be read. If this is a development environment you can ignore this message
[22May2026 19:58:00.951] [main/WARN] [mixin/]: Reference map 'veil.refmap.json' for veil.neoforge.mixins.json could not be read. If this is a development environment you can ignore this message
[22May2026 19:58:00.951] [main/WARN] [mixin/]: Reference map 'simulated.refmap.json' for simulated.mixins.json could not be read. If this is a development environment you can ignore this message
[22May2026 19:58:00.953] [main/WARN] [mixin/]: Reference map 'createdieselgenerators.refmap.json' for createdieselgenerators.mixins.json could not be read. If this is a development environment you can ignore this message
[22May2026 19:58:00.954] [main/WARN] [mixin/]: Reference map 'balm.refmap.json' for balm.mixins.json could not be read. If this is a development environment you can ignore this message
[22May2026 19:58:00.956] [main/WARN] [mixin/]: Reference map 'prickle.refmap.json' for prickle.mixins.json could not be read. If this is a development environment you can ignore this message
[22May2026 19:58:00.958] [main/WARN] [mixin/]: Reference map 'createbetterfps.refmap.json' for createbetterfps.mixins.json could not be read. If this is a development environment you can ignore this message
[22May2026 19:58:00.967] [main/WARN] [mixin/]: Reference map 'supermartijn642corelib.mixins.refmap.json' for supermartijn642corelib.mixins.json could not be read. If this is a development environment you can ignore this message
[22May2026 19:58:00.968] [main/WARN] [mixin/]: Reference map 'lionfishapi.refmap.json' for lionfishapi.mixins.json could not be read. If this is a development environment you can ignore this message
[22May2026 19:58:00.969] [main/WARN] [mixin/]: Reference map 'cataclysm.refmap.json' for cataclysm.mixins.json could not be read. If this is a development environment you can ignore this message
[22May2026 19:58:00.970] [main/WARN] [mixin/]: Reference map 'curios.refmap.json' for curios.neoforge.mixins.json could not be read. If this is a development environment you can ignore this message
[22May2026 19:58:00.971] [main/WARN] [mixin/]: Reference map 'curios.refmap.json' for curios.mixins.json could not be read. If this is a development environment you can ignore this message
[22May2026 19:58:00.973] [main/WARN] [mixin/]: Reference map '${mod_id}.refmap.json' for trading_floor.mixins.json could not be read. If this is a development environment you can ignore this message
[22May2026 19:58:00.975] [main/WARN] [mixin/]: Reference map 'mixins.tombstone.refmap.json' for tombstone.mixins.json could not be read. If this is a development environment you can ignore this message
[22May2026 19:58:00.977] [main/WARN] [mixin/]: Reference map 'create_hypertube.refmap.json' for create_hypertube.mixins.json could not be read. If this is a development environment you can ignore this message
[22May2026 19:58:00.979] [main/WARN] [mixin/]: Reference map 'conflict_fix.refmap.json' for conflict_fix.mixins.json could not be read. If this is a development environment you can ignore this message
[22May2026 19:58:00.985] [main/WARN] [mixin/]: Reference map '' for accessories-common.mixins.json could not be read. If this is a development environment you can ignore this message
[22May2026 19:58:00.989] [main/WARN] [mixin/]: Reference map '' for accessories-forge.mixins.json could not be read. If this is a development environment you can ignore this message
[22May2026 19:58:00.993] [main/WARN] [mixin/]: Reference map 'cumulus_menus.refmap.json' for cumulus_menus.mixins.json could not be read. If this is a development environment you can ignore this message
[22May2026 19:58:00.995] [main/WARN] [mixin/]: Reference map 'cumulus_menus.refmap.json' for cumulus_menus.neoforge.mixins.json could not be read. If this is a development environment you can ignore this message
[22May2026 19:58:01.003] [main/WARN] [mixin/]: Reference map 'nitrogen_internals.refmap.json' for nitrogen_internals.mixins.json could not be read. If this is a development environment you can ignore this message
[22May2026 19:58:01.006] [main/WARN] [mixin/]: Reference map 'deep_aether.refmap.json' for deep_aether.mixins.json could not be read. If this is a development environment you can ignore this message
[22May2026 19:58:01.012] [main/WARN] [mixin/]: Reference map 'playerrevive.mixin.refmap.json' for playerrevive.mixins.json could not be read. If this is a development environment you can ignore this message
[22May2026 19:58:01.014] [main/WARN] [mixin/]: Reference map 'mowziesmobs.refmap.json' for mowziesmobs.mixins.json could not be read. If this is a development environment you can ignore this message
[22May2026 19:58:01.016] [main/WARN] [mixin/]: Reference map 'geckolib.refmap.json' for geckolib.mixins.json could not be read. If this is a development environment you can ignore this message
[22May2026 19:58:01.017] [main/WARN] [mixin/]: Reference map 'ntgl.mixin-refmap.json' for ntgl.mixin.json could not be read. If this is a development environment you can ignore this message
[22May2026 19:58:01.020] [main/WARN] [mixin/]: Reference map 'mcef.refmap.json' for mcef.mixins.json could not be read. If this is a development environment you can ignore this message
[22May2026 19:58:01.023] [main/WARN] [mixin/]: Reference map 'trashslot.refmap.json' for trashslot.mixins.json could not be read. If this is a development environment you can ignore this message
[22May2026 19:58:01.028] [main/WARN] [mixin/]: Reference map '${mod_id}.refmap.json' for bits_n_bobs.mixins.json could not be read. If this is a development environment you can ignore this message
[22May2026 19:58:01.150] [main/WARN] [mixin/]: Reference map 'xaerolib.refmap.json' for xaerolib.mixins.json could not be read. If this is a development environment you can ignore this message
[22May2026 19:58:01.168] [main/WARN] [mixin/]: Reference map 'aeronautics.refmap.json' for aeronautics.mixins.json could not be read. If this is a development environment you can ignore this message
[22May2026 19:58:01.170] [main/WARN] [mixin/]: Reference map 'goblintraders.refmap.json' for goblintraders.common.mixins.json could not be read. If this is a development environment you can ignore this message
[22May2026 19:58:01.170] [main/WARN] [mixin/]: Reference map 'waystones.refmap.json' for waystones.mixins.json could not be read. If this is a development environment you can ignore this message
[22May2026 19:58:01.176] [main/WARN] [mixin/]: Reference map 'knightlib.refmap.json' for knightlib.mixins.json could not be read. If this is a development environment you can ignore this message
[22May2026 19:58:01.178] [main/WARN] [mixin/]: Reference map 'glitchcore.refmap.json' for glitchcore.mixins.json could not be read. If this is a development environment you can ignore this message
[22May2026 19:58:01.179] [main/WARN] [mixin/]: Reference map 'glitchcore.refmap.json' for glitchcore.neoforge.mixins.json could not be read. If this is a development environment you can ignore this message
[22May2026 19:58:01.200] [main/INFO] [Sodium/]: Loaded configuration file for Sodium: 43 options available, 1 override(s) found
[22May2026 19:58:01.202] [main/WARN] [mixin/]: Reference map 'offroad.refmap.json' for offroad.mixins.json could not be read. If this is a development environment you can ignore this message
[22May2026 19:58:01.204] [main/WARN] [mixin/]: Reference map 'craftingtweaks.refmap.json' for craftingtweaks.mixins.json could not be read. If this is a development environment you can ignore this message
[22May2026 19:58:01.206] [main/WARN] [mixin/]: Reference map 'enchdesc.refmap.json' for enchdesc.mixins.json could not be read. If this is a development environment you can ignore this message
[22May2026 19:58:01.207] [main/WARN] [mixin/]: Reference map 'terrablender.refmap.json' for terrablender.mixins.json could not be read. If this is a development environment you can ignore this message
[22May2026 19:58:01.208] [main/WARN] [mixin/]: Reference map 'terrablender.refmap.json' for terrablender_neoforge.mixins.json could not be read. If this is a development environment you can ignore this message
[22May2026 19:58:01.208] [main/WARN] [mixin/]: Reference map 'biomesoplenty.refmap.json' for biomesoplenty.mixins.json could not be read. If this is a development environment you can ignore this message
[22May2026 19:58:01.209] [main/WARN] [mixin/]: Reference map 'biomesoplenty.refmap.json' for biomesoplenty.neoforge.mixins.json could not be read. If this is a development environment you can ignore this message
[22May2026 19:58:01.213] [main/WARN] [mixin/]: Reference map 'fdlib.refmap.json' for fdlib.mixins.json could not be read. If this is a development environment you can ignore this message
[22May2026 19:58:01.214] [main/WARN] [mixin/]: Reference map 'knightquest.refmap.json' for knightquest.mixins.json could not be read. If this is a development environment you can ignore this message
[22May2026 19:58:01.215] [main/WARN] [mixin/]: Reference map 'creativecore.mixins.refmap.json' for creativecore.mixins.json could not be read. If this is a development environment you can ignore this message
[22May2026 19:58:01.216] [main/WARN] [mixin/]: Reference map 'creativecore.mixins.refmap.json' for creativecore.forge.mixins.json could not be read. If this is a development environment you can ignore this message
[22May2026 19:58:01.219] [main/WARN] [mixin/]: Reference map 'aeroblender.refmap.json' for aeroblender.mixins.json could not be read. If this is a development environment you can ignore this message
[22May2026 19:58:01.233] [main/WARN] [mixin/]: Reference map 'ponder.refmap.json' for ponder-common.mixins.json could not be read. If this is a development environment you can ignore this message
[22May2026 19:58:01.239] [main/WARN] [mixin/]: Reference map 'cgs.mixin-refmap.json' for cgs.mixin.json could not be read. If this is a development environment you can ignore this message
[22May2026 19:58:01.268] [main/INFO] [dev.ryanhcode.sable.mixin.AbstractSableMixinPlugin/]: Using Sodium renderer mixins
[22May2026 19:58:01.269] [main/INFO] [dev.ryanhcode.sable.mixin.AbstractSableMixinPlugin/]: Using Sodium renderer mixins
[22May2026 19:58:01.272] [main/WARN] [mixin/]: Reference map 'xaerominimap.refmap.json' for xaerohud.mixins.json could not be read. If this is a development environment you can ignore this message
[22May2026 19:58:01.273] [main/WARN] [mixin/]: Reference map 'xaerominimap.refmap.json' for xaerominimap.mixins.json could not be read. If this is a development environment you can ignore this message
[22May2026 19:58:01.277] [main/WARN] [mixin/]: Reference map 'securitycraft.refmap.json' for securitycraft.mixins.json could not be read. If this is a development environment you can ignore this message
[22May2026 19:58:01.284] [main/WARN] [mixin/]: Reference map 'lodestone.refmap.json' for lodestone.mixins.json could not be read. If this is a development environment you can ignore this message
[22May2026 19:58:01.287] [main/WARN] [mixin/]: Reference map 'skinrestorer.refmap.json' for skinrestorer.mixins.json could not be read. If this is a development environment you can ignore this message
[22May2026 19:58:01.395] [main/WARN] [mixin/]: Error loading class: tschipp/carryon/common/config/ListHandler (java.lang.ClassNotFoundException: tschipp.carryon.common.config.ListHandler)
[22May2026 19:58:01.396] [main/WARN] [mixin/]: @Mixin target tschipp.carryon.common.config.ListHandler was not found tinymultiblocklib.mixins.json:carryon.ListHandlerMixin from mod tinymultiblocklib
[22May2026 19:58:01.398] [main/WARN] [mixin/]: Error loading class: tschipp/carryon/common/carry/PickupHandler (java.lang.ClassNotFoundException: tschipp.carryon.common.carry.PickupHandler)
[22May2026 19:58:01.398] [main/WARN] [mixin/]: @Mixin target tschipp.carryon.common.carry.PickupHandler was not found tinymultiblocklib.mixins.json:carryon.PickupHandlerMixin from mod tinymultiblocklib
[22May2026 19:58:03.267] [main/WARN] [mixin/]: Error loading class: net/minecraft/client/player/KeyboardInput (java.lang.ClassNotFoundException: net.minecraft.client.player.KeyboardInput)
[22May2026 19:58:03.268] [main/WARN] [mixin/]: @Mixin target net.minecraft.client.player.KeyboardInput was not found fdlib.mixins.json:KeyboardInputMixin from mod fdlib
[22May2026 19:58:03.480] [main/ERROR] [net.neoforged.fml.common.asm.RuntimeDistCleaner/DISTXFORM]: Attempted to load class net/minecraft/client/multiplayer/ClientLevel for invalid dist DEDICATED_SERVER
[22May2026 19:58:03.482] [main/WARN] [mixin/]: Error loading class: net/minecraft/client/multiplayer/ClientLevel (java.lang.RuntimeException: Attempted to load class net/minecraft/client/multiplayer/ClientLevel for invalid dist DEDICATED_SERVER)
[22May2026 19:58:03.532] [main/ERROR] [net.neoforged.fml.common.asm.RuntimeDistCleaner/DISTXFORM]: Attempted to load class net/minecraft/client/multiplayer/ClientLevel for invalid dist DEDICATED_SERVER
[22May2026 19:58:03.534] [main/WARN] [mixin/]: Error loading class: net/minecraft/client/multiplayer/ClientLevel (java.lang.RuntimeException: Attempted to load class net/minecraft/client/multiplayer/ClientLevel for invalid dist DEDICATED_SERVER)
[22May2026 19:58:03.555] [main/ERROR] [net.neoforged.fml.common.asm.RuntimeDistCleaner/DISTXFORM]: Attempted to load class net/minecraft/client/multiplayer/ClientLevel for invalid dist DEDICATED_SERVER
[22May2026 19:58:03.557] [main/WARN] [mixin/]: Error loading class: net/minecraft/client/multiplayer/ClientLevel (java.lang.RuntimeException: Attempted to load class net/minecraft/client/multiplayer/ClientLevel for invalid dist DEDICATED_SERVER)
[22May2026 19:58:03.798] [main/ERROR] [net.neoforged.fml.common.asm.RuntimeDistCleaner/DISTXFORM]: Attempted to load class net/minecraft/client/player/AbstractClientPlayer for invalid dist DEDICATED_SERVER
[22May2026 19:58:03.800] [main/WARN] [mixin/]: Error loading class: net/minecraft/client/player/AbstractClientPlayer (java.lang.RuntimeException: Attempted to load class net/minecraft/client/player/AbstractClientPlayer for invalid dist DEDICATED_SERVER)
[22May2026 19:58:03.800] [main/WARN] [mixin/]: @Mixin target net.minecraft.client.player.AbstractClientPlayer was not found mixins.create_sa.json:AbstractClientPlayerMixin from mod create_sa
[22May2026 19:58:04.235] [main/WARN] [mixin/]: Error loading class: org/jetbrains/annotations/ApiStatus$ScheduledForRemoval (java.lang.ClassNotFoundException: org.jetbrains.annotations.ApiStatus$ScheduledForRemoval)
[22May2026 19:58:04.270] [main/ERROR] [net.neoforged.fml.common.asm.RuntimeDistCleaner/DISTXFORM]: Attempted to load class net/minecraft/client/multiplayer/ClientLevel for invalid dist DEDICATED_SERVER
[22May2026 19:58:04.272] [main/WARN] [mixin/]: Error loading class: net/minecraft/client/multiplayer/ClientLevel (java.lang.RuntimeException: Attempted to load class net/minecraft/client/multiplayer/ClientLevel for invalid dist DEDICATED_SERVER)
[22May2026 19:58:04.275] [main/ERROR] [net.neoforged.fml.common.asm.RuntimeDistCleaner/DISTXFORM]: Attempted to load class net/minecraft/client/multiplayer/ClientLevel for invalid dist DEDICATED_SERVER
[22May2026 19:58:04.278] [main/WARN] [mixin/]: Error loading class: net/minecraft/client/multiplayer/ClientLevel (java.lang.RuntimeException: Attempted to load class net/minecraft/client/multiplayer/ClientLevel for invalid dist DEDICATED_SERVER)
[22May2026 19:58:04.299] [main/ERROR] [net.neoforged.fml.common.asm.RuntimeDistCleaner/DISTXFORM]: Attempted to load class net/minecraft/client/multiplayer/ClientLevel for invalid dist DEDICATED_SERVER
[22May2026 19:58:04.300] [main/WARN] [mixin/]: Error loading class: net/minecraft/client/multiplayer/ClientLevel (java.lang.RuntimeException: Attempted to load class net/minecraft/client/multiplayer/ClientLevel for invalid dist DEDICATED_SERVER)
[22May2026 19:58:04.303] [main/ERROR] [net.neoforged.fml.common.asm.RuntimeDistCleaner/DISTXFORM]: Attempted to load class net/minecraft/client/multiplayer/ClientLevel for invalid dist DEDICATED_SERVER
[22May2026 19:58:04.304] [main/WARN] [mixin/]: Error loading class: net/minecraft/client/multiplayer/ClientLevel (java.lang.RuntimeException: Attempted to load class net/minecraft/client/multiplayer/ClientLevel for invalid dist DEDICATED_SERVER)
[22May2026 19:58:04.317] [main/ERROR] [net.neoforged.fml.common.asm.RuntimeDistCleaner/DISTXFORM]: Attempted to load class net/minecraft/client/multiplayer/ClientLevel for invalid dist DEDICATED_SERVER
[22May2026 19:58:04.318] [main/WARN] [mixin/]: Error loading class: net/minecraft/client/multiplayer/ClientLevel (java.lang.RuntimeException: Attempted to load class net/minecraft/client/multiplayer/ClientLevel for invalid dist DEDICATED_SERVER)
[22May2026 19:58:04.320] [main/ERROR] [net.neoforged.fml.common.asm.RuntimeDistCleaner/DISTXFORM]: Attempted to load class net/minecraft/client/multiplayer/ClientLevel for invalid dist DEDICATED_SERVER
[22May2026 19:58:04.321] [main/WARN] [mixin/]: Error loading class: net/minecraft/client/multiplayer/ClientLevel (java.lang.RuntimeException: Attempted to load class net/minecraft/client/multiplayer/ClientLevel for invalid dist DEDICATED_SERVER)
[22May2026 19:58:04.637] [main/INFO] [MixinExtras|Service/]: Initializing MixinExtras via com.llamalad7.mixinextras.service.MixinExtrasServiceImpl(version=0.5.3).
[22May2026 19:58:05.400] [main/WARN] [net.minecraft.SystemReport/]: Failed retrieving info for group hardware
java.lang.NoClassDefFoundError: com/sun/jna/Platform
	at MC-BOOTSTRAP/com.github.oshi@6.4.10/oshi.SystemInfo.<clinit>(SystemInfo.java:40) ~[oshi-core-6.4.10.jar%2395!/:6.4.10]
	at TRANSFORMER/minecraft@1.21.1/net.minecraft.SystemReport.lambda$new$2(SystemReport.java:56) ~[server-1.21.1-20240808.144430-srg.jar%23233!/:?]
	at TRANSFORMER/minecraft@1.21.1/net.minecraft.SystemReport.ignoreErrors(SystemReport.java:87) ~[server-1.21.1-20240808.144430-srg.jar%23233!/:?]
	at TRANSFORMER/minecraft@1.21.1/net.minecraft.SystemReport.<init>(SystemReport.java:56) ~[server-1.21.1-20240808.144430-srg.jar%23233!/:?]
	at TRANSFORMER/minecraft@1.21.1/net.minecraft.CrashReport.<init>(CrashReport.java:32) ~[server-1.21.1-20240808.144430-srg.jar%23233!/:?]
	at TRANSFORMER/minecraft@1.21.1/net.minecraft.CrashReport.preload(CrashReport.java:206) ~[server-1.21.1-20240808.144430-srg.jar%23233!/:?]
	at TRANSFORMER/minecraft@1.21.1/net.minecraft.server.Main.main(Main.java:115) ~[server-1.21.1-20240808.144430-srg.jar%23233!/:?]
	at java.base/jdk.internal.reflect.DirectMethodHandleAccessor.invoke(DirectMethodHandleAccessor.java:103) ~[?:?]
	at java.base/java.lang.reflect.Method.invoke(Method.java:580) ~[?:?]
	at MC-BOOTSTRAP/fml_loader@4.0.42/net.neoforged.fml.loading.targets.CommonLaunchHandler.runTarget(CommonLaunchHandler.java:136) ~[loader-4.0.42.jar%2357!/:4.0]
	at MC-BOOTSTRAP/fml_loader@4.0.42/net.neoforged.fml.loading.targets.CommonLaunchHandler.serverService(CommonLaunchHandler.java:128) ~[loader-4.0.42.jar%2357!/:4.0]
	at MC-BOOTSTRAP/fml_loader@4.0.42/net.neoforged.fml.loading.targets.CommonServerLaunchHandler.runService(CommonServerLaunchHandler.java:32) ~[loader-4.0.42.jar%2357!/:4.0]
	at MC-BOOTSTRAP/fml_loader@4.0.42/net.neoforged.fml.loading.targets.CommonLaunchHandler.lambda$launchService$4(CommonLaunchHandler.java:118) ~[loader-4.0.42.jar%2357!/:4.0]
	at MC-BOOTSTRAP/cpw.mods.modlauncher@11.0.5/cpw.mods.modlauncher.LaunchServiceHandlerDecorator.launch(LaunchServiceHandlerDecorator.java:30) [modlauncher-11.0.5.jar%2362!/:?]
	at MC-BOOTSTRAP/cpw.mods.modlauncher@11.0.5/cpw.mods.modlauncher.LaunchServiceHandler.launch(LaunchServiceHandler.java:53) [modlauncher-11.0.5.jar%2362!/:?]
	at MC-BOOTSTRAP/cpw.mods.modlauncher@11.0.5/cpw.mods.modlauncher.LaunchServiceHandler.launch(LaunchServiceHandler.java:71) [modlauncher-11.0.5.jar%2362!/:?]
	at MC-BOOTSTRAP/cpw.mods.modlauncher@11.0.5/cpw.mods.modlauncher.Launcher.run(Launcher.java:103) [modlauncher-11.0.5.jar%2362!/:?]
	at MC-BOOTSTRAP/cpw.mods.modlauncher@11.0.5/cpw.mods.modlauncher.Launcher.main(Launcher.java:74) [modlauncher-11.0.5.jar%2362!/:?]
	at MC-BOOTSTRAP/cpw.mods.modlauncher@11.0.5/cpw.mods.modlauncher.BootstrapLaunchConsumer.accept(BootstrapLaunchConsumer.java:26) [modlauncher-11.0.5.jar%2362!/:?]
	at MC-BOOTSTRAP/cpw.mods.modlauncher@11.0.5/cpw.mods.modlauncher.BootstrapLaunchConsumer.accept(BootstrapLaunchConsumer.java:23) [modlauncher-11.0.5.jar%2362!/:?]
	at cpw.mods.bootstraplauncher@2.0.2/cpw.mods.bootstraplauncher.BootstrapLauncher.run(BootstrapLauncher.java:210) [bootstraplauncher-2.0.2.jar:?]
	at cpw.mods.bootstraplauncher@2.0.2/cpw.mods.bootstraplauncher.BootstrapLauncher.main(BootstrapLauncher.java:69) [bootstraplauncher-2.0.2.jar:?]
	at java.base/jdk.internal.reflect.DirectMethodHandleAccessor.invoke(DirectMethodHandleAccessor.java:103) ~[?:?]
	at java.base/java.lang.reflect.Method.invoke(Method.java:580) ~[?:?]
	at net.neoforged.serverstarterjar.Main.mainLaunch(Main.java:297) [neoforge.jar:0.1.34]
	at net.neoforged.serverstarterjar.Main.main(Main.java:76) [neoforge.jar:0.1.34]
	at java.base/jdk.internal.reflect.DirectMethodHandleAccessor.invoke(DirectMethodHandleAccessor.java:103) ~[?:?]
	at java.base/java.lang.reflect.Method.invoke(Method.java:580) ~[?:?]
	at net.neoforged.serverstarterjar.Main8.main(Main8.java:19) [neoforge.jar:0.1.34]
Caused by: java.lang.ClassNotFoundException: com.sun.jna.Platform
	at java.base/jdk.internal.loader.BuiltinClassLoader.loadClass(BuiltinClassLoader.java:641) ~[?:?]
	at java.base/java.lang.ClassLoader.loadClass(ClassLoader.java:526) ~[?:?]
	at cpw.mods.securejarhandler/cpw.mods.cl.ModuleClassLoader.loadClass(ModuleClassLoader.java:216) ~[securejarhandler-3.0.8.jar:?]
	at java.base/java.lang.ClassLoader.loadClass(ClassLoader.java:526) ~[?:?]
	... 29 more
[22May2026 19:58:07.395] [main/ERROR] [net.neoforged.fml.common.asm.RuntimeDistCleaner/DISTXFORM]: Attempted to load class net/minecraft/client/multiplayer/ClientLevel for invalid dist DEDICATED_SERVER
[22May2026 19:58:07.395] [main/WARN] [mixin/]: Error loading class: net/minecraft/client/multiplayer/ClientLevel (java.lang.RuntimeException: Attempted to load class net/minecraft/client/multiplayer/ClientLevel for invalid dist DEDICATED_SERVER)
[22May2026 19:58:07.402] [main/ERROR] [net.neoforged.fml.common.asm.RuntimeDistCleaner/DISTXFORM]: Attempted to load class net/minecraft/client/multiplayer/ClientLevel for invalid dist DEDICATED_SERVER
[22May2026 19:58:07.402] [main/WARN] [mixin/]: Error loading class: net/minecraft/client/multiplayer/ClientLevel (java.lang.RuntimeException: Attempted to load class net/minecraft/client/multiplayer/ClientLevel for invalid dist DEDICATED_SERVER)
[22May2026 19:58:07.410] [main/ERROR] [net.neoforged.fml.common.asm.RuntimeDistCleaner/DISTXFORM]: Attempted to load class net/minecraft/client/multiplayer/ClientLevel for invalid dist DEDICATED_SERVER
[22May2026 19:58:07.411] [main/WARN] [mixin/]: Error loading class: net/minecraft/client/multiplayer/ClientLevel (java.lang.RuntimeException: Attempted to load class net/minecraft/client/multiplayer/ClientLevel for invalid dist DEDICATED_SERVER)
[22May2026 19:58:13.916] [modloading-worker-0/INFO] [net.tysontheember.emberstextapi.EmbersTextAPI/]: EmbersTextAPI NeoForge 1.21.1 initializing...
[22May2026 19:58:13.991] [modloading-worker-0/INFO] [net.neoforged.neoforge.common.NeoForgeMod/NEOFORGE-MOD]: NeoForge mod loading, version 21.1.229, for MC 1.21.1
[22May2026 19:58:14.005] [modloading-worker-0/INFO] [xaero.map.WorldMap/]: Registering common data for channel xaeroworldmap:main!
[22May2026 19:58:14.054] [modloading-worker-0/INFO] [xaero.map.WorldMap/]: Loading primary common config for channel xaeroworldmap:main!
[22May2026 19:58:14.063] [modloading-worker-0/INFO] [xaero.map.WorldMap/]: Loading server config profiles for channel xaeroworldmap:main!
[22May2026 19:58:14.208] [modloading-worker-0/INFO] [Veil/]: Veil is initializing.
[22May2026 19:58:14.677] [modloading-worker-0/INFO] [org.antarcticgardens.cna.CreateNewAge/]: Hello 1.21.1 Create!
[22May2026 19:58:15.487] [modloading-worker-0/INFO] [Moonlight/]: Sending changed configs to client
[22May2026 19:58:15.703] [modloading-worker-0/WARN] [mixin/]: Discarding @Unique public method useItemOn in copycats-common.mixins.json:copycat.step.CopycatStepBlockMixin from mod copycats because it already exists in com.simibubi.create.content.decoration.copycat.CopycatStepBlock
[22May2026 19:58:15.722] [modloading-worker-0/WARN] [mixin/]: Discarding @Unique public method onLoad in copycats-common.mixins.json:foundation.copycat.CopycatBlockEntityMixin from mod copycats because it already exists in com.simibubi.create.content.decoration.copycat.CopycatBlockEntity
[22May2026 19:58:15.729] [modloading-worker-0/WARN] [mixin/]: Discarding @Unique public method useItemOn in copycats-common.mixins.json:copycat.panel.CopycatPanelBlockMixin from mod copycats because it already exists in com.simibubi.create.content.decoration.copycat.CopycatPanelBlock
[22May2026 19:58:15.729] [modloading-worker-0/WARN] [mixin/]: Discarding @Unique public method mirror in copycats-common.mixins.json:copycat.panel.CopycatPanelBlockMixin from mod copycats because it already exists in com.simibubi.create.content.decoration.copycat.CopycatPanelBlock
[22May2026 19:58:15.730] [modloading-worker-0/WARN] [mixin/]: Discarding @Unique public method rotate in copycats-common.mixins.json:copycat.panel.CopycatPanelBlockMixin from mod copycats because it already exists in com.simibubi.create.content.decoration.copycat.CopycatPanelBlock
[22May2026 19:58:16.021] [modloading-worker-0/INFO] [fr.samlegamer.mcwbiomesoplenty.McwBOP/]: Macaw's Biomes O' Plenty Loading...
[22May2026 19:58:16.103] [modloading-worker-0/INFO] [fr.samlegamer.mcwbiomesoplenty.McwBOP/]: Start convert blocks
[22May2026 19:58:16.112] [modloading-worker-0/INFO] [fr.samlegamer.mcwbiomesoplenty.McwBOP/]: Finish convert blocks
[22May2026 19:58:16.114] [modloading-worker-0/INFO] [fr.samlegamer.mcwbiomesoplenty.McwBOP/]: Start convert items
[22May2026 19:58:16.122] [modloading-worker-0/INFO] [fr.samlegamer.mcwbiomesoplenty.McwBOP/]: Finish convert items
[22May2026 19:58:16.126] [modloading-worker-0/INFO] [fr.samlegamer.mcwbiomesoplenty.McwBOP/]: Macaw's Biomes O' Plenty Is Charged !
[22May2026 19:58:16.136] [modloading-worker-0/INFO] [addonslib/]: AddonsLib Neoforge !
[22May2026 19:58:16.140] [modloading-worker-0/INFO] [Create: Trading Floor/]: Registering all Create: Trading Floor entries
[22May2026 19:58:16.143] [modloading-worker-0/INFO] [Create: Trading Floor/]: Registering Particle Emitters for: Create: Trading Floor
[22May2026 19:58:16.145] [modloading-worker-0/INFO] [Create: Trading Floor/]: Registering Particle Emitters for: Create: Trading Floor
[22May2026 19:58:16.150] [modloading-worker-0/INFO] [Create: Trading Floor/]: Finished Initialisation For Mod: trading_floor
[22May2026 19:58:16.567] [modloading-worker-0/INFO] [org.patryk3211.powergrid.PowerGrid/]: Power grid starting, prepare to be electrocuted
[22May2026 19:58:16.585] [modloading-worker-0/INFO] [org.patryk3211.powergrid.PowerGrid/]: Native backend loaded successfully
[22May2026 19:58:16.617] [modloading-worker-0/INFO] [net.nuclearteam.createnuclear.CreateNuclear/]: createnuclear 6.0.10 initializing! Commit hash: ac0c444d9828da3453ae8cc65338e8de063286fb
[22May2026 19:58:16.620] [modloading-worker-0/INFO] [net.nuclearteam.createnuclear.CreateNuclear/]: Registering mod tags for createnuclear
[22May2026 19:58:16.669] [modloading-worker-0/INFO] [net.nuclearteam.createnuclear.CreateNuclear/]: Registering ModBlocks for createnuclear
[22May2026 19:58:16.801] [modloading-worker-0/INFO] [owo/]: Noaaan: I'm talking to my inner demons. Which is all of you
[22May2026 19:58:16.856] [modloading-worker-0/INFO] [net.blay09.mods.balm.neoforge.config.NeoForgeBalmConfig/]: Registering config for trashslot:common (COMMON) with 5 properties.
[22May2026 19:58:16.876] [modloading-worker-0/INFO] [Puzzles Lib/]: Constructing common components for mutantmonsters:main
[22May2026 19:58:17.023] [modloading-worker-0/WARN] [mixin/]: Discarding @Unique public method rotate in copycats-neoforge.mixins.json:foundation.copycat.CopycatBlockMixin from mod copycats because it already exists in com.copycatsplus.copycats.content.copycat.sliding_door.CopycatSlidingDoorBlock
[22May2026 19:58:17.023] [modloading-worker-0/WARN] [mixin/]: Discarding @Unique public method mirror in copycats-neoforge.mixins.json:foundation.copycat.CopycatBlockMixin from mod copycats because it already exists in com.copycatsplus.copycats.content.copycat.sliding_door.CopycatSlidingDoorBlock
[22May2026 19:58:17.023] [modloading-worker-0/WARN] [mixin/]: Discarding @Unique public method useItemOn in copycats-neoforge.mixins.json:foundation.copycat.CopycatBlockMixin from mod copycats because it already exists in com.copycatsplus.copycats.content.copycat.sliding_door.CopycatSlidingDoorBlock
[22May2026 19:58:17.023] [modloading-worker-0/WARN] [mixin/]: Discarding @Unique public method useWithoutItem in copycats-neoforge.mixins.json:foundation.copycat.CopycatBlockMixin from mod copycats because it already exists in com.copycatsplus.copycats.content.copycat.sliding_door.CopycatSlidingDoorBlock
[22May2026 19:58:17.030] [modloading-worker-0/WARN] [mixin/]: Discarding @Unique public method rotate in copycats-neoforge.mixins.json:foundation.copycat.CopycatBlockMixin from mod copycats because it already exists in com.copycatsplus.copycats.content.copycat.door.CopycatDoorBlock
[22May2026 19:58:17.030] [modloading-worker-0/WARN] [mixin/]: Discarding @Unique public method mirror in copycats-neoforge.mixins.json:foundation.copycat.CopycatBlockMixin from mod copycats because it already exists in com.copycatsplus.copycats.content.copycat.door.CopycatDoorBlock
[22May2026 19:58:17.030] [modloading-worker-0/WARN] [mixin/]: Discarding @Unique public method useItemOn in copycats-neoforge.mixins.json:foundation.copycat.CopycatBlockMixin from mod copycats because it already exists in com.copycatsplus.copycats.content.copycat.door.CopycatDoorBlock
[22May2026 19:58:17.030] [modloading-worker-0/WARN] [mixin/]: Discarding @Unique public method useWithoutItem in copycats-neoforge.mixins.json:foundation.copycat.CopycatBlockMixin from mod copycats because it already exists in com.copycatsplus.copycats.content.copycat.door.CopycatDoorBlock
[22May2026 19:58:17.039] [modloading-worker-0/WARN] [mixin/]: Discarding @Unique public method rotate in copycats-neoforge.mixins.json:foundation.copycat.CopycatBlockMixin from mod copycats because it already exists in com.copycatsplus.copycats.content.copycat.fluid_pipe.CopycatGlassFluidPipeBlock
[22May2026 19:58:17.040] [modloading-worker-0/WARN] [mixin/]: Discarding @Unique public method mirror in copycats-neoforge.mixins.json:foundation.copycat.CopycatBlockMixin from mod copycats because it already exists in com.copycatsplus.copycats.content.copycat.fluid_pipe.CopycatGlassFluidPipeBlock
[22May2026 19:58:17.040] [modloading-worker-0/WARN] [mixin/]: Discarding @Unique public method useItemOn in copycats-neoforge.mixins.json:foundation.copycat.CopycatBlockMixin from mod copycats because it already exists in com.copycatsplus.copycats.content.copycat.fluid_pipe.CopycatGlassFluidPipeBlock
[22May2026 19:58:17.040] [modloading-worker-0/WARN] [mixin/]: Discarding @Unique public method useWithoutItem in copycats-neoforge.mixins.json:foundation.copycat.CopycatBlockMixin from mod copycats because it already exists in com.copycatsplus.copycats.content.copycat.fluid_pipe.CopycatGlassFluidPipeBlock
[22May2026 19:58:17.051] [modloading-worker-0/WARN] [mixin/]: Discarding @Unique public method rotate in copycats-neoforge.mixins.json:foundation.copycat.multistate.MultiStateCopycatBlockMixin from mod copycats because it already exists in com.copycatsplus.copycats.foundation.copycat.multistate.MultiStateCopycatBlock
[22May2026 19:58:17.051] [modloading-worker-0/WARN] [mixin/]: Discarding @Unique public method mirror in copycats-neoforge.mixins.json:foundation.copycat.multistate.MultiStateCopycatBlockMixin from mod copycats because it already exists in com.copycatsplus.copycats.foundation.copycat.multistate.MultiStateCopycatBlock
[22May2026 19:58:17.052] [modloading-worker-0/WARN] [mixin/]: Discarding @Unique public method useItemOn in copycats-neoforge.mixins.json:foundation.copycat.multistate.MultiStateCopycatBlockMixin from mod copycats because it already exists in com.copycatsplus.copycats.foundation.copycat.multistate.MultiStateCopycatBlock
[22May2026 19:58:17.052] [modloading-worker-0/WARN] [mixin/]: Discarding @Unique public method useWithoutItem in copycats-neoforge.mixins.json:foundation.copycat.multistate.MultiStateCopycatBlockMixin from mod copycats because it already exists in com.copycatsplus.copycats.foundation.copycat.multistate.MultiStateCopycatBlock
[22May2026 19:58:17.089] [modloading-worker-0/INFO] [xaero.lib.XaeroLib/]: Registering common data for channel xaerolib:main!
[22May2026 19:58:17.095] [modloading-worker-0/INFO] [xaero.lib.XaeroLib/]: Loading primary common config for channel xaerolib:main!
[22May2026 19:58:17.102] [modloading-worker-0/WARN] [mixin/]: Discarding @Unique public method rotate in copycats-neoforge.mixins.json:foundation.copycat.CopycatBlockMixin from mod copycats because it already exists in com.copycatsplus.copycats.foundation.copycat.CCCopycatBlock
[22May2026 19:58:17.102] [modloading-worker-0/WARN] [mixin/]: Discarding @Unique public method mirror in copycats-neoforge.mixins.json:foundation.copycat.CopycatBlockMixin from mod copycats because it already exists in com.copycatsplus.copycats.foundation.copycat.CCCopycatBlock
[22May2026 19:58:17.103] [modloading-worker-0/WARN] [mixin/]: Discarding @Unique public method useItemOn in copycats-neoforge.mixins.json:foundation.copycat.CopycatBlockMixin from mod copycats because it already exists in com.copycatsplus.copycats.foundation.copycat.CCCopycatBlock
[22May2026 19:58:17.103] [modloading-worker-0/WARN] [mixin/]: Discarding @Unique public method useWithoutItem in copycats-neoforge.mixins.json:foundation.copycat.CopycatBlockMixin from mod copycats because it already exists in com.copycatsplus.copycats.foundation.copycat.CCCopycatBlock
[22May2026 19:58:17.118] [modloading-worker-0/INFO] [xaero.lib.XaeroLib/]: Loading server config profiles for channel xaerolib:main!
[22May2026 19:58:17.174] [modloading-worker-0/WARN] [mixin/]: Discarding @Unique public method rotate in copycats-neoforge.mixins.json:foundation.copycat.CopycatBlockMixin from mod copycats because it already exists in com.copycatsplus.copycats.content.copycat.button.CopycatButtonBlock
[22May2026 19:58:17.175] [modloading-worker-0/WARN] [mixin/]: Discarding @Unique public method mirror in copycats-neoforge.mixins.json:foundation.copycat.CopycatBlockMixin from mod copycats because it already exists in com.copycatsplus.copycats.content.copycat.button.CopycatButtonBlock
[22May2026 19:58:17.175] [modloading-worker-0/WARN] [mixin/]: Discarding @Unique public method useItemOn in copycats-neoforge.mixins.json:foundation.copycat.CopycatBlockMixin from mod copycats because it already exists in com.copycatsplus.copycats.content.copycat.button.CopycatButtonBlock
[22May2026 19:58:17.175] [modloading-worker-0/WARN] [mixin/]: Discarding @Unique public method useWithoutItem in copycats-neoforge.mixins.json:foundation.copycat.CopycatBlockMixin from mod copycats because it already exists in com.copycatsplus.copycats.content.copycat.button.CopycatButtonBlock
[22May2026 19:58:17.190] [modloading-worker-0/WARN] [mixin/]: Discarding @Unique public method rotate in copycats-neoforge.mixins.json:foundation.copycat.CopycatBlockMixin from mod copycats because it already exists in com.copycatsplus.copycats.content.copycat.fence.CopycatFenceBlock
[22May2026 19:58:17.190] [modloading-worker-0/WARN] [mixin/]: Discarding @Unique public method mirror in copycats-neoforge.mixins.json:foundation.copycat.CopycatBlockMixin from mod copycats because it already exists in com.copycatsplus.copycats.content.copycat.fence.CopycatFenceBlock
[22May2026 19:58:17.190] [modloading-worker-0/WARN] [mixin/]: Discarding @Unique public method useItemOn in copycats-neoforge.mixins.json:foundation.copycat.CopycatBlockMixin from mod copycats because it already exists in com.copycatsplus.copycats.content.copycat.fence.CopycatFenceBlock
[22May2026 19:58:17.190] [modloading-worker-0/WARN] [mixin/]: Discarding @Unique public method useWithoutItem in copycats-neoforge.mixins.json:foundation.copycat.CopycatBlockMixin from mod copycats because it already exists in com.copycatsplus.copycats.content.copycat.fence.CopycatFenceBlock
[22May2026 19:58:17.196] [modloading-worker-0/WARN] [mixin/]: Discarding @Unique public method rotate in copycats-neoforge.mixins.json:foundation.copycat.CopycatBlockMixin from mod copycats because it already exists in com.copycatsplus.copycats.content.copycat.fence_gate.CopycatFenceGateBlock
[22May2026 19:58:17.197] [modloading-worker-0/WARN] [mixin/]: Discarding @Unique public method mirror in copycats-neoforge.mixins.json:foundation.copycat.CopycatBlockMixin from mod copycats because it already exists in com.copycatsplus.copycats.content.copycat.fence_gate.CopycatFenceGateBlock
[22May2026 19:58:17.197] [modloading-worker-0/WARN] [mixin/]: Discarding @Unique public method useItemOn in copycats-neoforge.mixins.json:foundation.copycat.CopycatBlockMixin from mod copycats because it already exists in com.copycatsplus.copycats.content.copycat.fence_gate.CopycatFenceGateBlock
[22May2026 19:58:17.197] [modloading-worker-0/WARN] [mixin/]: Discarding @Unique public method useWithoutItem in copycats-neoforge.mixins.json:foundation.copycat.CopycatBlockMixin from mod copycats because it already exists in com.copycatsplus.copycats.content.copycat.fence_gate.CopycatFenceGateBlock
[22May2026 19:58:17.213] [modloading-worker-0/WARN] [mixin/]: Discarding @Unique public method rotate in copycats-neoforge.mixins.json:foundation.copycat.CopycatBlockMixin from mod copycats because it already exists in com.copycatsplus.copycats.content.copycat.ladder.CopycatLadderBlock
[22May2026 19:58:17.213] [modloading-worker-0/WARN] [mixin/]: Discarding @Unique public method mirror in copycats-neoforge.mixins.json:foundation.copycat.CopycatBlockMixin from mod copycats because it already exists in com.copycatsplus.copycats.content.copycat.ladder.CopycatLadderBlock
[22May2026 19:58:17.213] [modloading-worker-0/WARN] [mixin/]: Discarding @Unique public method useItemOn in copycats-neoforge.mixins.json:foundation.copycat.CopycatBlockMixin from mod copycats because it already exists in com.copycatsplus.copycats.content.copycat.ladder.CopycatLadderBlock
[22May2026 19:58:17.213] [modloading-worker-0/WARN] [mixin/]: Discarding @Unique public method useWithoutItem in copycats-neoforge.mixins.json:foundation.copycat.CopycatBlockMixin from mod copycats because it already exists in com.copycatsplus.copycats.content.copycat.ladder.CopycatLadderBlock
[22May2026 19:58:17.221] [modloading-worker-0/WARN] [mixin/]: Discarding @Unique public method rotate in copycats-neoforge.mixins.json:foundation.copycat.CopycatBlockMixin from mod copycats because it already exists in com.copycatsplus.copycats.content.copycat.pressure_plate.CopycatPressurePlateBlock
[22May2026 19:58:17.221] [modloading-worker-0/WARN] [mixin/]: Discarding @Unique public method mirror in copycats-neoforge.mixins.json:foundation.copycat.CopycatBlockMixin from mod copycats because it already exists in com.copycatsplus.copycats.content.copycat.pressure_plate.CopycatPressurePlateBlock
[22May2026 19:58:17.221] [modloading-worker-0/WARN] [mixin/]: Discarding @Unique public method useItemOn in copycats-neoforge.mixins.json:foundation.copycat.CopycatBlockMixin from mod copycats because it already exists in com.copycatsplus.copycats.content.copycat.pressure_plate.CopycatPressurePlateBlock
[22May2026 19:58:17.221] [modloading-worker-0/WARN] [mixin/]: Discarding @Unique public method useWithoutItem in copycats-neoforge.mixins.json:foundation.copycat.CopycatBlockMixin from mod copycats because it already exists in com.copycatsplus.copycats.content.copycat.pressure_plate.CopycatPressurePlateBlock
[22May2026 19:58:17.227] [modloading-worker-0/WARN] [mixin/]: Discarding @Unique public method rotate in copycats-neoforge.mixins.json:foundation.copycat.CopycatBlockMixin from mod copycats because it already exists in com.copycatsplus.copycats.content.copycat.pressure_plate.CopycatWeightedPressurePlate
[22May2026 19:58:17.227] [modloading-worker-0/WARN] [mixin/]: Discarding @Unique public method mirror in copycats-neoforge.mixins.json:foundation.copycat.CopycatBlockMixin from mod copycats because it already exists in com.copycatsplus.copycats.content.copycat.pressure_plate.CopycatWeightedPressurePlate
[22May2026 19:58:17.227] [modloading-worker-0/WARN] [mixin/]: Discarding @Unique public method useItemOn in copycats-neoforge.mixins.json:foundation.copycat.CopycatBlockMixin from mod copycats because it already exists in com.copycatsplus.copycats.content.copycat.pressure_plate.CopycatWeightedPressurePlate
[22May2026 19:58:17.227] [modloading-worker-0/WARN] [mixin/]: Discarding @Unique public method useWithoutItem in copycats-neoforge.mixins.json:foundation.copycat.CopycatBlockMixin from mod copycats because it already exists in com.copycatsplus.copycats.content.copycat.pressure_plate.CopycatWeightedPressurePlate
[22May2026 19:58:17.239] [modloading-worker-0/WARN] [mixin/]: Discarding @Unique public method rotate in copycats-neoforge.mixins.json:foundation.copycat.CopycatBlockMixin from mod copycats because it already exists in com.copycatsplus.copycats.content.copycat.stairs.CopycatStairsBlock
[22May2026 19:58:17.239] [modloading-worker-0/WARN] [mixin/]: Discarding @Unique public method mirror in copycats-neoforge.mixins.json:foundation.copycat.CopycatBlockMixin from mod copycats because it already exists in com.copycatsplus.copycats.content.copycat.stairs.CopycatStairsBlock
[22May2026 19:58:17.240] [modloading-worker-0/WARN] [mixin/]: Discarding @Unique public method useItemOn in copycats-neoforge.mixins.json:foundation.copycat.CopycatBlockMixin from mod copycats because it already exists in com.copycatsplus.copycats.content.copycat.stairs.CopycatStairsBlock
[22May2026 19:58:17.240] [modloading-worker-0/WARN] [mixin/]: Discarding @Unique public method useWithoutItem in copycats-neoforge.mixins.json:foundation.copycat.CopycatBlockMixin from mod copycats because it already exists in com.copycatsplus.copycats.content.copycat.stairs.CopycatStairsBlock
[22May2026 19:58:17.252] [modloading-worker-0/WARN] [mixin/]: Discarding @Unique public method rotate in copycats-neoforge.mixins.json:foundation.copycat.CopycatBlockMixin from mod copycats because it already exists in com.copycatsplus.copycats.content.copycat.trapdoor.CopycatTrapdoorBlock
[22May2026 19:58:17.253] [modloading-worker-0/WARN] [mixin/]: Discarding @Unique public method mirror in copycats-neoforge.mixins.json:foundation.copycat.CopycatBlockMixin from mod copycats because it already exists in com.copycatsplus.copycats.content.copycat.trapdoor.CopycatTrapdoorBlock
[22May2026 19:58:17.253] [modloading-worker-0/WARN] [mixin/]: Discarding @Unique public method useItemOn in copycats-neoforge.mixins.json:foundation.copycat.CopycatBlockMixin from mod copycats because it already exists in com.copycatsplus.copycats.content.copycat.trapdoor.CopycatTrapdoorBlock
[22May2026 19:58:17.253] [modloading-worker-0/WARN] [mixin/]: Discarding @Unique public method useWithoutItem in copycats-neoforge.mixins.json:foundation.copycat.CopycatBlockMixin from mod copycats because it already exists in com.copycatsplus.copycats.content.copycat.trapdoor.CopycatTrapdoorBlock
[22May2026 19:58:17.270] [modloading-worker-0/WARN] [mixin/]: Discarding @Unique public method rotate in copycats-neoforge.mixins.json:foundation.copycat.CopycatBlockMixin from mod copycats because it already exists in com.copycatsplus.copycats.content.copycat.wall.CopycatWallBlock
[22May2026 19:58:17.270] [modloading-worker-0/WARN] [mixin/]: Discarding @Unique public method mirror in copycats-neoforge.mixins.json:foundation.copycat.CopycatBlockMixin from mod copycats because it already exists in com.copycatsplus.copycats.content.copycat.wall.CopycatWallBlock
[22May2026 19:58:17.270] [modloading-worker-0/WARN] [mixin/]: Discarding @Unique public method useItemOn in copycats-neoforge.mixins.json:foundation.copycat.CopycatBlockMixin from mod copycats because it already exists in com.copycatsplus.copycats.content.copycat.wall.CopycatWallBlock
[22May2026 19:58:17.270] [modloading-worker-0/WARN] [mixin/]: Discarding @Unique public method useWithoutItem in copycats-neoforge.mixins.json:foundation.copycat.CopycatBlockMixin from mod copycats because it already exists in com.copycatsplus.copycats.content.copycat.wall.CopycatWallBlock
[22May2026 19:58:17.282] [modloading-worker-0/WARN] [mixin/]: Discarding @Unique public method rotate in copycats-neoforge.mixins.json:foundation.copycat.CopycatBlockMixin from mod copycats because it already exists in com.copycatsplus.copycats.content.copycat.shaft.CopycatShaftBlock
[22May2026 19:58:17.283] [modloading-worker-0/WARN] [mixin/]: Discarding @Unique public method mirror in copycats-neoforge.mixins.json:foundation.copycat.CopycatBlockMixin from mod copycats because it already exists in com.copycatsplus.copycats.content.copycat.shaft.CopycatShaftBlock
[22May2026 19:58:17.283] [modloading-worker-0/WARN] [mixin/]: Discarding @Unique public method useItemOn in copycats-neoforge.mixins.json:foundation.copycat.CopycatBlockMixin from mod copycats because it already exists in com.copycatsplus.copycats.content.copycat.shaft.CopycatShaftBlock
[22May2026 19:58:17.283] [modloading-worker-0/WARN] [mixin/]: Discarding @Unique public method useWithoutItem in copycats-neoforge.mixins.json:foundation.copycat.CopycatBlockMixin from mod copycats because it already exists in com.copycatsplus.copycats.content.copycat.shaft.CopycatShaftBlock
[22May2026 19:58:17.293] [modloading-worker-0/WARN] [mixin/]: Discarding @Unique public method rotate in copycats-neoforge.mixins.json:foundation.copycat.multistate.MultiStateCopycatBlockMixin from mod copycats because it already exists in com.copycatsplus.copycats.content.copycat.cogwheel.CopycatCogWheelBlock
[22May2026 19:58:17.293] [modloading-worker-0/WARN] [mixin/]: Discarding @Unique public method mirror in copycats-neoforge.mixins.json:foundation.copycat.multistate.MultiStateCopycatBlockMixin from mod copycats because it already exists in com.copycatsplus.copycats.content.copycat.cogwheel.CopycatCogWheelBlock
[22May2026 19:58:17.294] [modloading-worker-0/WARN] [mixin/]: Discarding @Unique public method useItemOn in copycats-neoforge.mixins.json:foundation.copycat.multistate.MultiStateCopycatBlockMixin from mod copycats because it already exists in com.copycatsplus.copycats.content.copycat.cogwheel.CopycatCogWheelBlock
[22May2026 19:58:17.294] [modloading-worker-0/WARN] [mixin/]: Discarding @Unique public method useWithoutItem in copycats-neoforge.mixins.json:foundation.copycat.multistate.MultiStateCopycatBlockMixin from mod copycats because it already exists in com.copycatsplus.copycats.content.copycat.cogwheel.CopycatCogWheelBlock
[22May2026 19:58:17.312] [modloading-worker-0/WARN] [mixin/]: Discarding @Unique public method rotate in copycats-neoforge.mixins.json:foundation.copycat.CopycatBlockMixin from mod copycats because it already exists in com.copycatsplus.copycats.content.copycat.fluid_pipe.CopycatFluidPipeBlock
[22May2026 19:58:17.313] [modloading-worker-0/WARN] [mixin/]: Discarding @Unique public method mirror in copycats-neoforge.mixins.json:foundation.copycat.CopycatBlockMixin from mod copycats because it already exists in com.copycatsplus.copycats.content.copycat.fluid_pipe.CopycatFluidPipeBlock
[22May2026 19:58:17.313] [modloading-worker-0/WARN] [mixin/]: Discarding @Unique public method useItemOn in copycats-neoforge.mixins.json:foundation.copycat.CopycatBlockMixin from mod copycats because it already exists in com.copycatsplus.copycats.content.copycat.fluid_pipe.CopycatFluidPipeBlock
[22May2026 19:58:17.313] [modloading-worker-0/WARN] [mixin/]: Discarding @Unique public method useWithoutItem in copycats-neoforge.mixins.json:foundation.copycat.CopycatBlockMixin from mod copycats because it already exists in com.copycatsplus.copycats.content.copycat.fluid_pipe.CopycatFluidPipeBlock
[22May2026 19:58:17.323] [modloading-worker-0/WARN] [mixin/]: Discarding @Unique public method rotate in copycats-neoforge.mixins.json:foundation.copycat.CopycatBlockMixin from mod copycats because it already exists in com.copycatsplus.copycats.content.copycat.pane.CopycatPaneBlock
[22May2026 19:58:17.323] [modloading-worker-0/WARN] [mixin/]: Discarding @Unique public method mirror in copycats-neoforge.mixins.json:foundation.copycat.CopycatBlockMixin from mod copycats because it already exists in com.copycatsplus.copycats.content.copycat.pane.CopycatPaneBlock
[22May2026 19:58:17.323] [modloading-worker-0/WARN] [mixin/]: Discarding @Unique public method useItemOn in copycats-neoforge.mixins.json:foundation.copycat.CopycatBlockMixin from mod copycats because it already exists in com.copycatsplus.copycats.content.copycat.pane.CopycatPaneBlock
[22May2026 19:58:17.323] [modloading-worker-0/WARN] [mixin/]: Discarding @Unique public method useWithoutItem in copycats-neoforge.mixins.json:foundation.copycat.CopycatBlockMixin from mod copycats because it already exists in com.copycatsplus.copycats.content.copycat.pane.CopycatPaneBlock
[22May2026 19:58:17.344] [modloading-worker-0/WARN] [mixin/]: Discarding @Unique public method onLoad in copycats-neoforge.mixins.json:foundation.copycat.CopycatBlockEntityMixin from mod copycats because it already exists in com.copycatsplus.copycats.foundation.copycat.CCCopycatBlockEntity
[22May2026 19:58:17.351] [modloading-worker-0/WARN] [mixin/]: Discarding @Unique public method onLoad in copycats-neoforge.mixins.json:foundation.copycat.multistate.MultiStateCopycatBlockEntityMixin from mod copycats because it already exists in com.copycatsplus.copycats.foundation.copycat.multistate.MultiStateCopycatBlockEntity
[22May2026 19:58:17.355] [modloading-worker-0/WARN] [mixin/]: Discarding @Unique public method onLoad in copycats-neoforge.mixins.json:foundation.copycat.CopycatBlockEntityMixin from mod copycats because it already exists in com.copycatsplus.copycats.content.copycat.shaft.CopycatShaftBlockEntity
[22May2026 19:58:17.357] [modloading-worker-0/WARN] [mixin/]: Discarding @Unique public method onLoad in copycats-neoforge.mixins.json:foundation.copycat.multistate.MultiStateCopycatBlockEntityMixin from mod copycats because it already exists in com.copycatsplus.copycats.content.copycat.cogwheel.CopycatCogWheelBlockEntity
[22May2026 19:58:17.360] [modloading-worker-0/WARN] [mixin/]: Discarding @Unique public method onLoad in copycats-neoforge.mixins.json:foundation.copycat.CopycatBlockEntityMixin from mod copycats because it already exists in com.copycatsplus.copycats.content.copycat.fluid_pipe.CopycatFluidPipeBlockEntity
[22May2026 19:58:17.362] [modloading-worker-0/WARN] [mixin/]: Discarding @Unique public method onLoad in copycats-neoforge.mixins.json:foundation.copycat.CopycatBlockEntityMixin from mod copycats because it already exists in com.copycatsplus.copycats.content.copycat.fluid_pipe.CopycatStraightPipeBlockEntity
[22May2026 19:58:17.364] [modloading-worker-0/WARN] [mixin/]: Discarding @Unique public method onLoad in copycats-neoforge.mixins.json:foundation.copycat.CopycatBlockEntityMixin from mod copycats because it already exists in com.copycatsplus.copycats.content.copycat.sliding_door.CopycatSlidingDoorBlockEntity
[22May2026 19:58:17.385] [modloading-worker-0/INFO] [net.blay09.mods.balm.neoforge.config.NeoForgeBalmConfig/]: Registering config for waystones:common (COMMON) with 34 properties.
[22May2026 19:58:17.439] [modloading-worker-0/INFO] [Dungeon Crawl/]: Here we go! Launching Dungeon Crawl 2.3.17...
[22May2026 19:58:17.541] [modloading-worker-0/INFO] [netherdepthsupgrade/]: Registering Enchantments for netherdepthsupgrade
[22May2026 19:58:17.578] [modloading-worker-0/INFO] [net.blay09.mods.balm.neoforge.config.NeoForgeBalmConfig/]: Registering config for craftingtweaks:common (COMMON) with 8 properties.
[22May2026 19:58:17.654] [modloading-worker-0/INFO] [Moonlight/]: Sending changed configs to client
[22May2026 19:58:17.868] [modloading-worker-0/INFO] [com.simibubi.create.Create/]: Create 6.0.10 initializing! Commit hash: ac0c444d9828da3453ae8cc65338e8de063286fb
[22May2026 19:58:17.941] [modloading-worker-0/INFO] [xaero.common.HudMod/]: Registering common data for channel xaerominimap:main!
[22May2026 19:58:17.982] [modloading-worker-0/INFO] [xaero.common.HudMod/]: Loading primary common config for channel xaerominimap:main!
[22May2026 19:58:17.989] [modloading-worker-0/INFO] [xaero.common.HudMod/]: Loading server config profiles for channel xaerominimap:main!
[22May2026 19:58:18.001] [modloading-worker-0/INFO] [Puzzles Lib/]: Constructing common components for puzzleslib:main
[22May2026 19:58:18.060] [modloading-worker-0/INFO] [be.florens.expandability.ExpandAbility/]: ExpandAbility here, who dis?
[22May2026 19:58:19.400] [modloading-worker-0/INFO] [dev.ryanhcode.sable.Sable/]: Sable loaded!
[22May2026 19:58:19.491] [modloading-worker-0/INFO] [Create Deco/]: Populating connected texture maps...
[22May2026 19:58:19.507] [modloading-worker-0/INFO] [Create Deco/]: Registering items for Create Deco
[22May2026 19:58:19.513] [modloading-worker-0/INFO] [Create Deco/]: Registering blocks for Create Deco
[22May2026 19:58:26.980] [modloading-sync-worker/INFO] [Moonlight/]: Initialized block sets in 42ms
[22May2026 19:58:27.382] [modloading-sync-worker/INFO] [Create: Trading Floor/]: Registering Advancements for: Create: Trading Floor
[22May2026 19:58:36.283] [modloading-sync-worker/INFO] [Moonlight/]: Sending changed configs to client
[22May2026 19:58:36.310] [modloading-sync-worker/INFO] [Puzzles Lib/]: Dispatching loading event for config mutantmonsters-common.toml
[22May2026 19:58:36.322] [modloading-sync-worker/WARN] [net.neoforged.fml.config.ConfigTracker/CONFIG]: Configuration file /workspaces/new-neoforge-server-refluido-waos-1/servidor_minecraft/config/knightlib.toml is not correct. Correcting
[22May2026 19:58:36.338] [modloading-sync-worker/INFO] [Moonlight/]: Sending changed configs to client
[22May2026 19:58:36.339] [modloading-sync-worker/INFO] [com.tom.createores.CreateOreExcavation/]: Loaded Create Ore Excavation config file createoreexcavation-common.toml
[22May2026 19:58:36.354] [modloading-worker-0/INFO] [net.tysontheember.emberstextapi.EmbersTextAPI/]: EmbersTextAPI common setup complete
[22May2026 19:58:36.361] [NeoForge Version Check/INFO] [net.neoforged.fml.VersionChecker/]: [aether] Starting version check at https://github.com/The-Aether-Team/The-Aether/raw/1.21.1-develop/update.json
[22May2026 19:58:36.387] [modloading-worker-0/INFO] [xaero.lib.XaeroLib/]: Loading XaeroLib common 1/2!
[22May2026 19:58:36.405] [modloading-worker-0/INFO] [com.tom.createores.CreateOreExcavation/]: Create Ore Excavation starting
[22May2026 19:58:36.422] [modloading-worker-0/INFO] [net.createteleporters.CreateteleportersMod/]: === CREATE TRAIN PORTAL BOOTSTRAP CALLED ===
[22May2026 19:58:36.423] [modloading-worker-0/INFO] [net.createteleporters.CreateteleportersMod/]: Create mod loaded: true
[22May2026 19:58:36.424] [modloading-worker-0/INFO] [net.createteleporters.CreateteleportersMod/]: Enqueueing Create train portal integration registration
[22May2026 19:58:36.490] [modloading-sync-worker/INFO] [Supplementaries/]: Finished mod setup in: [1, 0, 6, 0, 2, 0] ms
[22May2026 19:58:36.511] [modloading-sync-worker/INFO] [Create: Trading Floor/]: Registering Advancements for: Create: Trading Floor
[22May2026 19:58:36.527] [modloading-sync-worker/INFO] [terrablender/]: Registered region minecraft:overworld to index 0 for type OVERWORLD
[22May2026 19:58:36.527] [modloading-sync-worker/INFO] [terrablender/]: Registered region minecraft:nether to index 0 for type NETHER
[22May2026 19:58:36.528] [modloading-sync-worker/INFO] [terrablender/]: Registered region aether:the_aether to index 0 for type THE_AETHER
[22May2026 19:58:36.530] [modloading-sync-worker/INFO] [terrablender/]: Registered region deep_aether:deep_aether to index 1 for type THE_AETHER
[22May2026 19:58:36.531] [modloading-sync-worker/INFO] [terrablender/]: Registered region deep_aether:rare to index 2 for type THE_AETHER
[22May2026 19:58:36.590] [modloading-sync-worker/INFO] [terrablender/]: Registered region biomesoplenty:overworld_primary to index 1 for type OVERWORLD
[22May2026 19:58:36.591] [modloading-sync-worker/INFO] [terrablender/]: Registered region biomesoplenty:overworld_secondary to index 2 for type OVERWORLD
[22May2026 19:58:36.593] [modloading-sync-worker/INFO] [terrablender/]: Registered region biomesoplenty:overworld_rare to index 3 for type OVERWORLD
[22May2026 19:58:36.593] [modloading-sync-worker/INFO] [terrablender/]: Registered region biomesoplenty:nether_common to index 1 for type NETHER
[22May2026 19:58:36.593] [modloading-sync-worker/INFO] [terrablender/]: Registered region biomesoplenty:nether_rare to index 2 for type NETHER
[22May2026 19:58:36.650] [NeoForge Version Check/INFO] [net.neoforged.fml.VersionChecker/]: [aether] Found status: UP_TO_DATE Current: 1.5.10 Target: null
[22May2026 19:58:36.652] [NeoForge Version Check/INFO] [net.neoforged.fml.VersionChecker/]: [mcwwindows] Starting version check at https://raw.githubusercontent.com/sketchmacaw/macawsmods/master/window.json
[22May2026 19:58:36.665] [NeoForge Version Check/INFO] [net.neoforged.fml.VersionChecker/]: [mcwwindows] Found status: UP_TO_DATE Current: 2.4.2 Target: null
[22May2026 19:58:36.665] [NeoForge Version Check/INFO] [net.neoforged.fml.VersionChecker/]: [mcwstairs] Starting version check at https://raw.githubusercontent.com/sketchmacaw/macawsmods/master/stairs.json
[22May2026 19:58:36.677] [NeoForge Version Check/INFO] [net.neoforged.fml.VersionChecker/]: [mcwstairs] Found status: UP_TO_DATE Current: 1.0.2 Target: null
[22May2026 19:58:36.677] [NeoForge Version Check/INFO] [net.neoforged.fml.VersionChecker/]: [bookshelf] Starting version check at https://updates.blamejared.com/get?n=bookshelf&gv=1.21.1&ml=neoforge
[22May2026 19:58:36.715] [modloading-sync-worker/INFO] [Moonlight/]: Initialized color sets in 118ms
[22May2026 19:58:36.715] [modloading-sync-worker/INFO] [com.finderfeed.fdlib.FDLib/]: Loading FD animations...
[22May2026 19:58:36.716] [modloading-sync-worker/INFO] [com.finderfeed.fdlib.FDLib/]: Loading animation: fdlib:testanim
[22May2026 19:58:36.726] [modloading-sync-worker/INFO] [com.finderfeed.fdlib.FDLib/]: FD Animations loaded!
[22May2026 19:58:36.726] [modloading-sync-worker/INFO] [com.finderfeed.fdlib.FDLib/]: Loading FD models...
[22May2026 19:58:36.726] [modloading-sync-worker/INFO] [com.finderfeed.fdlib.FDLib/]: Loading model: fdlib:test
[22May2026 19:58:36.733] [modloading-sync-worker/INFO] [com.finderfeed.fdlib.FDLib/]: Loading model: fdlib:test
[22May2026 19:58:36.734] [modloading-sync-worker/INFO] [com.finderfeed.fdlib.FDLib/]: FD Models loaded!
[22May2026 19:58:36.735] [modloading-sync-worker/INFO] [net.createteleporters.CreateteleportersMod/]: CreateTrainPortalIntegration class loaded!
[22May2026 19:58:36.735] [modloading-sync-worker/INFO] [net.createteleporters.CreateteleportersMod/]: === REGISTERING TRAIN PORTAL INTEGRATION ===
[22May2026 19:58:36.735] [modloading-sync-worker/INFO] [net.createteleporters.CreateteleportersMod/]: QUANTUM_PORTAL_BLOCK: Block{createteleporters:quantum_portal_block}
[22May2026 19:58:36.736] [modloading-sync-worker/INFO] [net.createteleporters.CreateteleportersMod/]: Registered Create train portal provider for quantum portal blocks.
[22May2026 19:58:36.740] [modloading-sync-worker/INFO] [net.createteleporters.CreateteleportersMod/]: Immersive Portals loaded: false
[22May2026 19:58:36.740] [modloading-sync-worker/INFO] [net.createteleporters.CreateteleportersMod/]: Immersive Portals Compatibility: enabled=false, loaded=false
[22May2026 19:58:36.740] [modloading-sync-worker/INFO] [net.createteleporters.CreateteleportersMod/]: Trains will use vanilla quantum portal blocks
[22May2026 19:58:36.740] [modloading-sync-worker/INFO] [net.createteleporters.CreateteleportersMod/]: === END REGISTRATION ===
[22May2026 19:58:36.763] [modloading-worker-0/INFO] [xaero.map.server.WorldMapServer/]: Loading Xaero's World Map - Stage 1/2 (Server)
[22May2026 19:58:36.764] [modloading-worker-0/INFO] [xaero.minimap.XaeroMinimap/]: Loading Xaero's Minimap - Stage 1/2 (Server)
[22May2026 19:58:36.763] [modloading-worker-0/INFO] [xaero.lib.XaeroLib/]: Loading XaeroLib server 1/2!
[22May2026 19:58:36.766] [modloading-sync-worker/INFO] [xaero.map.server.WorldMapServer/]: Loading Xaero's World Map - Stage 2/2 (Server)
[22May2026 19:58:36.766] [modloading-sync-worker/INFO] [xaero.minimap.XaeroMinimap/]: Loading Xaero's Minimap - Stage 2/2 (Server)
[22May2026 19:58:36.767] [modloading-sync-worker/INFO] [xaero.lib.XaeroLib/]: Loading XaeroLib common 2/2!
[22May2026 19:58:36.767] [modloading-sync-worker/INFO] [xaero.lib.XaeroLib/]: Loading XaeroLib server 2/2!
[22May2026 19:58:36.907] [modloading-worker-0/INFO] [com.mrh0.createaddition.CreateAddition/]: Create Crafts & Additions Initialized!
[22May2026 19:58:36.955] [modloading-worker-0/INFO] [snownee.jade.Jade/]: Start loading plugin from com.aetherteam.aether.integration.jade.AetherJadePlugin
[22May2026 19:58:36.965] [modloading-worker-0/INFO] [snownee.jade.Jade/]: Start loading plugin from net.blay09.mods.balm.neoforge.compat.hudinfo.NeoForgeJadeModCompat
[22May2026 19:58:36.966] [modloading-worker-0/INFO] [snownee.jade.Jade/]: Start loading plugin from net.mehvahdjukaar.supplementaries.integration.JadeCompat
[22May2026 19:58:36.969] [modloading-worker-0/INFO] [snownee.jade.Jade/]: Start loading plugin from ovh.corail.tombstone.compatibility.IntegrationJade
[22May2026 19:58:36.970] [modloading-worker-0/INFO] [snownee.jade.Jade/]: Start loading plugin from net.blay09.mods.waystones.compat.JadeIntegration
[22May2026 19:58:36.971] [modloading-worker-0/INFO] [snownee.jade.Jade/]: Start loading plugin from snownee.jade.addon.vanilla.VanillaPlugin
[22May2026 19:58:36.987] [modloading-worker-0/INFO] [snownee.jade.Jade/]: Start loading plugin from snownee.jade.addon.universal.UniversalPlugin
[22May2026 19:58:36.993] [modloading-worker-0/INFO] [snownee.jade.Jade/]: Start loading plugin from snownee.jade.addon.debug.DebugPlugin
[22May2026 19:58:36.994] [modloading-worker-0/INFO] [snownee.jade.Jade/]: Start loading plugin from snownee.jade.addon.core.CorePlugin
[22May2026 19:58:36.995] [modloading-worker-0/INFO] [snownee.jade.Jade/]: Start loading plugin from snownee.jade.addon.access.AccessibilityPlugin
[22May2026 19:58:36.999] [modloading-worker-0/INFO] [snownee.jade.Jade/]: Start loading plugin from net.geforcemods.securitycraft.compat.hudmods.JadeDataProvider
[22May2026 19:58:37.137] [NeoForge Version Check/INFO] [net.neoforged.fml.VersionChecker/]: [bookshelf] Found status: BETA Current: 21.1.81 Target: 21.1.81
[22May2026 19:58:37.137] [NeoForge Version Check/INFO] [net.neoforged.fml.VersionChecker/]: [mcwdoors] Starting version check at https://raw.githubusercontent.com/sketchmacaw/macawsmods/master/doors.json
[22May2026 19:58:37.151] [NeoForge Version Check/INFO] [net.neoforged.fml.VersionChecker/]: [mcwdoors] Found status: AHEAD Current: 1.1.5 Target: null
[22May2026 19:58:37.151] [NeoForge Version Check/INFO] [net.neoforged.fml.VersionChecker/]: [prickle] Starting version check at https://updates.blamejared.com/get?n=prickle&gv=1.21.1&ml=neoforge
[22May2026 19:58:37.218] [modloading-sync-worker/INFO] [net.tysontheember.emberstextapi.EmbersTextAPI/]: Network payloads registered
[22May2026 19:58:37.249] [NeoForge Version Check/INFO] [net.neoforged.fml.VersionChecker/]: [prickle] Found status: BETA Current: 21.1.11 Target: 21.1.11
[22May2026 19:58:37.249] [NeoForge Version Check/INFO] [net.neoforged.fml.VersionChecker/]: [mcwbridges] Starting version check at https://raw.githubusercontent.com/sketchmacaw/macawsmods/master/bridges.json
[22May2026 19:58:37.266] [NeoForge Version Check/INFO] [net.neoforged.fml.VersionChecker/]: [mcwbridges] Found status: AHEAD Current: 3.1.2 Target: null
[22May2026 19:58:37.266] [NeoForge Version Check/INFO] [net.neoforged.fml.VersionChecker/]: [mcwtrpdoors] Starting version check at https://raw.githubusercontent.com/sketchmacaw/macawsmods/master/trapdoors.json
[22May2026 19:58:37.281] [NeoForge Version Check/INFO] [net.neoforged.fml.VersionChecker/]: [mcwtrpdoors] Found status: UP_TO_DATE Current: 1.1.5 Target: null
[22May2026 19:58:37.281] [NeoForge Version Check/INFO] [net.neoforged.fml.VersionChecker/]: [mcwfences] Starting version check at https://raw.githubusercontent.com/sketchmacaw/macawsmods/master/fences.json
[22May2026 19:58:37.299] [NeoForge Version Check/INFO] [net.neoforged.fml.VersionChecker/]: [mcwfences] Found status: UP_TO_DATE Current: 1.2.1 Target: null
[22May2026 19:58:37.299] [NeoForge Version Check/INFO] [net.neoforged.fml.VersionChecker/]: [tombstone] Starting version check at https://raw.githubusercontent.com/Corail31/tombstone_lite/master/neoforge-update.json
[22May2026 19:58:37.312] [NeoForge Version Check/INFO] [net.neoforged.fml.VersionChecker/]: [tombstone] Found status: UP_TO_DATE Current: 9.4.9 Target: null
[22May2026 19:58:37.314] [NeoForge Version Check/INFO] [net.neoforged.fml.VersionChecker/]: [mcwroofs] Starting version check at https://raw.githubusercontent.com/sketchmacaw/macawsmods/master/roofs.json
[22May2026 19:58:37.327] [NeoForge Version Check/INFO] [net.neoforged.fml.VersionChecker/]: [mcwroofs] Found status: UP_TO_DATE Current: 2.3.2 Target: null
[22May2026 19:58:37.327] [NeoForge Version Check/INFO] [net.neoforged.fml.VersionChecker/]: [mcwfurnitures] Starting version check at https://raw.githubusercontent.com/sketchmacaw/macawsmods/master/furniture.json
[22May2026 19:58:37.341] [NeoForge Version Check/INFO] [net.neoforged.fml.VersionChecker/]: [mcwfurnitures] Found status: UP_TO_DATE Current: 3.4.1 Target: null
[22May2026 19:58:37.342] [NeoForge Version Check/INFO] [net.neoforged.fml.VersionChecker/]: [deep_aether] Starting version check at https://github.com/RazorDevs/Deep-Aether/raw/1.21.1-1.1/update.json
[22May2026 19:58:37.363] [NeoForge Version Check/INFO] [net.neoforged.fml.VersionChecker/]: [deep_aether] Found status: AHEAD Current: 1.21.1-1.1.5.1 Target: null
[22May2026 19:58:37.364] [NeoForge Version Check/INFO] [net.neoforged.fml.VersionChecker/]: [mcwlights] Starting version check at https://raw.githubusercontent.com/sketchmacaw/macawsmods/master/lights.json
[22May2026 19:58:37.381] [NeoForge Version Check/INFO] [net.neoforged.fml.VersionChecker/]: [mcwlights] Found status: UP_TO_DATE Current: 1.1.5 Target: null
[22May2026 19:58:37.382] [NeoForge Version Check/INFO] [net.neoforged.fml.VersionChecker/]: [mutantmonsters] Starting version check at https://raw.githubusercontent.com/Fuzss/modresources/main/update/mutantmonsters.json
[22May2026 19:58:37.394] [NeoForge Version Check/INFO] [net.neoforged.fml.VersionChecker/]: [mutantmonsters] Found status: UP_TO_DATE Current: 21.1.1 Target: null
[22May2026 19:58:37.394] [NeoForge Version Check/INFO] [net.neoforged.fml.VersionChecker/]: [copycats] Starting version check at https://raw.githubusercontent.com/copycats-plus/copycats/multiloader/update.json
[22May2026 19:58:37.404] [NeoForge Version Check/INFO] [net.neoforged.fml.VersionChecker/]: [copycats] Found status: AHEAD Current: 3.0.4+mc.1.21.1-neoforge Target: null
[22May2026 19:58:37.405] [NeoForge Version Check/INFO] [net.neoforged.fml.VersionChecker/]: [goblintraders] Starting version check at https://mrcrayfish.com/api/mod_update/neoforge/goblintraders
[22May2026 19:58:37.537] [main/INFO] [com.mojang.authlib.yggdrasil.YggdrasilAuthenticationService/]: Environment: Environment[sessionHost=https://sessionserver.mojang.com, servicesHost=https://api.minecraftservices.com, name=PROD]
[22May2026 19:58:37.592] [NeoForge Version Check/WARN] [net.neoforged.fml.VersionChecker/]: Failed to process update information
com.google.gson.JsonSyntaxException: java.lang.IllegalStateException: Expected BEGIN_OBJECT but was STRING at line 1 column 1 path $
	at MC-BOOTSTRAP/com.google.gson@2.10.1/com.google.gson.Gson.fromJson(Gson.java:1238) ~[gson-2.10.1.jar%2392!/:?]
	at MC-BOOTSTRAP/com.google.gson@2.10.1/com.google.gson.Gson.fromJson(Gson.java:1137) ~[gson-2.10.1.jar%2392!/:?]
	at MC-BOOTSTRAP/com.google.gson@2.10.1/com.google.gson.Gson.fromJson(Gson.java:1047) ~[gson-2.10.1.jar%2392!/:?]
	at MC-BOOTSTRAP/com.google.gson@2.10.1/com.google.gson.Gson.fromJson(Gson.java:982) ~[gson-2.10.1.jar%2392!/:?]
	at MC-BOOTSTRAP/fml_loader@4.0.42/net.neoforged.fml.VersionChecker$1.process(VersionChecker.java:167) ~[loader-4.0.42.jar%2357!/:4.0]
	at java.base/java.lang.Iterable.forEach(Iterable.java:75) [?:?]
	at MC-BOOTSTRAP/fml_loader@4.0.42/net.neoforged.fml.VersionChecker$1.run(VersionChecker.java:105) [loader-4.0.42.jar%2357!/:4.0]
Caused by: java.lang.IllegalStateException: Expected BEGIN_OBJECT but was STRING at line 1 column 1 path $
	at MC-BOOTSTRAP/com.google.gson@2.10.1/com.google.gson.stream.JsonReader.beginObject(JsonReader.java:393) ~[gson-2.10.1.jar%2392!/:?]
	at MC-BOOTSTRAP/com.google.gson@2.10.1/com.google.gson.internal.bind.MapTypeAdapterFactory$Adapter.read(MapTypeAdapterFactory.java:182) ~[gson-2.10.1.jar%2392!/:?]
	at MC-BOOTSTRAP/com.google.gson@2.10.1/com.google.gson.internal.bind.MapTypeAdapterFactory$Adapter.read(MapTypeAdapterFactory.java:144) ~[gson-2.10.1.jar%2392!/:?]
	at MC-BOOTSTRAP/com.google.gson@2.10.1/com.google.gson.Gson.fromJson(Gson.java:1227) ~[gson-2.10.1.jar%2392!/:?]
	... 6 more
[22May2026 19:58:37.593] [NeoForge Version Check/INFO] [net.neoforged.fml.VersionChecker/]: [mcwholidays] Starting version check at https://raw.githubusercontent.com/sketchmacaw/macawsmods/master/holidays.json
[22May2026 19:58:37.603] [NeoForge Version Check/INFO] [net.neoforged.fml.VersionChecker/]: [mcwholidays] Found status: UP_TO_DATE Current: 1.1.2 Target: null
[22May2026 19:58:37.604] [NeoForge Version Check/INFO] [net.neoforged.fml.VersionChecker/]: [mcwpaintings] Starting version check at https://raw.githubusercontent.com/sketchmacaw/macawsmods/master/paintings.json
[22May2026 19:58:37.613] [NeoForge Version Check/INFO] [net.neoforged.fml.VersionChecker/]: [mcwpaintings] Found status: AHEAD Current: 1.1.0 Target: null
[22May2026 19:58:37.613] [NeoForge Version Check/INFO] [net.neoforged.fml.VersionChecker/]: [mcwpaths] Starting version check at https://raw.githubusercontent.com/sketchmacaw/macawsmods/master/paths.json
[22May2026 19:58:37.627] [NeoForge Version Check/INFO] [net.neoforged.fml.VersionChecker/]: [mcwpaths] Found status: UP_TO_DATE Current: 1.1.1 Target: null
[22May2026 19:58:37.628] [NeoForge Version Check/INFO] [net.neoforged.fml.VersionChecker/]: [enchdesc] Starting version check at https://updates.blamejared.com/get?n=enchdesc&gv=1.21.1&ml=neoforge
[22May2026 19:58:37.644] [main/WARN] [net.minecraft.server.packs.VanillaPackResourcesBuilder/]: Assets URL 'union:/workspaces/new-neoforge-server-refluido-waos-1/servidor_minecraft/libraries/net/minecraft/server/1.21.1-20240808.144430/server-1.21.1-20240808.144430-srg.jar%23233!/assets/.mcassetsroot' uses unexpected schema
[22May2026 19:58:37.645] [main/WARN] [net.minecraft.server.packs.VanillaPackResourcesBuilder/]: Assets URL 'union:/workspaces/new-neoforge-server-refluido-waos-1/servidor_minecraft/libraries/net/minecraft/server/1.21.1-20240808.144430/server-1.21.1-20240808.144430-srg.jar%23233!/data/.mcassetsroot' uses unexpected schema
[22May2026 19:58:37.724] [NeoForge Version Check/INFO] [net.neoforged.fml.VersionChecker/]: [enchdesc] Found status: BETA Current: 21.1.9 Target: 21.1.9
[22May2026 19:58:37.724] [NeoForge Version Check/INFO] [net.neoforged.fml.VersionChecker/]: [createoreexcavation] Starting version check at https://raw.githubusercontent.com/tom5454/Create-Ore-Excavation/main/version-check.json
[22May2026 19:58:37.735] [NeoForge Version Check/INFO] [net.neoforged.fml.VersionChecker/]: [createoreexcavation] Found status: BETA Current: 1.6.8 Target: 1.6.8
[22May2026 19:58:37.735] [NeoForge Version Check/INFO] [net.neoforged.fml.VersionChecker/]: [forgeconfigapiport] Starting version check at https://raw.githubusercontent.com/Fuzss/modresources/main/update/forgeconfigapiport.json
[22May2026 19:58:37.744] [NeoForge Version Check/INFO] [net.neoforged.fml.VersionChecker/]: [forgeconfigapiport] Found status: UP_TO_DATE Current: 21.1.6 Target: null
[22May2026 19:58:37.744] [NeoForge Version Check/INFO] [net.neoforged.fml.VersionChecker/]: [aeroblender] Starting version check at https://github.com/RazorDevs/AeroBlender//raw/1.21.1-1.0/update.json
[22May2026 19:58:37.941] [NeoForge Version Check/WARN] [net.neoforged.fml.VersionChecker/]: Failed to process update information
com.google.gson.JsonSyntaxException: java.lang.IllegalStateException: Expected BEGIN_OBJECT but was STRING at line 9 column 1 path $
	at MC-BOOTSTRAP/com.google.gson@2.10.1/com.google.gson.Gson.fromJson(Gson.java:1238) ~[gson-2.10.1.jar%2392!/:?]
	at MC-BOOTSTRAP/com.google.gson@2.10.1/com.google.gson.Gson.fromJson(Gson.java:1137) ~[gson-2.10.1.jar%2392!/:?]
	at MC-BOOTSTRAP/com.google.gson@2.10.1/com.google.gson.Gson.fromJson(Gson.java:1047) ~[gson-2.10.1.jar%2392!/:?]
	at MC-BOOTSTRAP/com.google.gson@2.10.1/com.google.gson.Gson.fromJson(Gson.java:982) ~[gson-2.10.1.jar%2392!/:?]
	at MC-BOOTSTRAP/fml_loader@4.0.42/net.neoforged.fml.VersionChecker$1.process(VersionChecker.java:167) ~[loader-4.0.42.jar%2357!/:4.0]
	at java.base/java.lang.Iterable.forEach(Iterable.java:75) [?:?]
	at MC-BOOTSTRAP/fml_loader@4.0.42/net.neoforged.fml.VersionChecker$1.run(VersionChecker.java:105) [loader-4.0.42.jar%2357!/:4.0]
Caused by: java.lang.IllegalStateException: Expected BEGIN_OBJECT but was STRING at line 9 column 1 path $
	at MC-BOOTSTRAP/com.google.gson@2.10.1/com.google.gson.stream.JsonReader.beginObject(JsonReader.java:393) ~[gson-2.10.1.jar%2392!/:?]
	at MC-BOOTSTRAP/com.google.gson@2.10.1/com.google.gson.internal.bind.MapTypeAdapterFactory$Adapter.read(MapTypeAdapterFactory.java:182) ~[gson-2.10.1.jar%2392!/:?]
	at MC-BOOTSTRAP/com.google.gson@2.10.1/com.google.gson.internal.bind.MapTypeAdapterFactory$Adapter.read(MapTypeAdapterFactory.java:144) ~[gson-2.10.1.jar%2392!/:?]
	at MC-BOOTSTRAP/com.google.gson@2.10.1/com.google.gson.Gson.fromJson(Gson.java:1227) ~[gson-2.10.1.jar%2392!/:?]
	... 6 more
[22May2026 19:58:37.942] [NeoForge Version Check/INFO] [net.neoforged.fml.VersionChecker/]: [iceberg] Starting version check at https://mc-update-check.anthonyhilyard.com/520110
[22May2026 19:58:38.056] [main/INFO] [com.simibubi.create.Create/]: Created 522 recipes which will be injected into the game
[22May2026 19:58:38.069] [main/INFO] [com.simibubi.create.Create/]: Created 22 tags which will be injected into the game
[22May2026 19:58:38.079] [main/INFO] [plus.dragons.createdragonsplus.data.runtime.RuntimePackResources/]: Starting provider [plus.dragons.createdragonsplus.data.internal.CDPRuntimeRecipeProvider@2dd7e5fb] for runtime resource [create_dragons_plus:runtime]
[22May2026 19:58:38.137] [main/INFO] [plus.dragons.createdragonsplus.data.runtime.RuntimePackResources/]: plus.dragons.createdragonsplus.data.internal.CDPRuntimeRecipeProvider@2dd7e5fb finished after 56 ms
[22May2026 19:58:38.199] [NeoForge Version Check/INFO] [net.neoforged.fml.VersionChecker/]: [iceberg] Found status: UP_TO_DATE Current: 1.3.2 Target: null
[22May2026 19:58:38.199] [NeoForge Version Check/INFO] [net.neoforged.fml.VersionChecker/]: [advancementplaques] Starting version check at https://mc-update-check.anthonyhilyard.com/499826
[22May2026 19:58:38.214] [main/INFO] [net.minecraft.server.MinecraftServer/]: Found new data pack builtin/aether_accessories, loading it automatically
[22May2026 19:58:38.229] [NeoForge Version Check/INFO] [net.neoforged.fml.VersionChecker/]: [advancementplaques] Found status: UP_TO_DATE Current: 1.6.8 Target: null
[22May2026 19:58:38.229] [NeoForge Version Check/INFO] [net.neoforged.fml.VersionChecker/]: [highlighter] Starting version check at https://mc-update-check.anthonyhilyard.com/521590
[22May2026 19:58:38.249] [main/INFO] [Moonlight/]: Resource cache state for SERVER_DATA: up to date
[22May2026 19:58:38.254] [main/INFO] [Moonlight/]: Populated search tree for pack at /workspaces/new-neoforge-server-refluido-waos-1/servidor_minecraft/dynamic-data-pack-cache/supplementaries-generated_pack in 2.681 ms
[22May2026 19:58:38.254] [main/INFO] [Moonlight/]: Starting runtime resource generation for pack type SERVER_DATA with generators [supplementaries:generated_pack]
[22May2026 19:58:38.257] [NeoForge Version Check/INFO] [net.neoforged.fml.VersionChecker/]: [highlighter] Found status: UP_TO_DATE Current: 1.1.11 Target: null
[22May2026 19:58:38.257] [NeoForge Version Check/INFO] [net.neoforged.fml.VersionChecker/]: [create] Starting version check at https://api.modrinth.com/updates/create/forge_updates.json?neoforge=only
[22May2026 19:58:38.264] [main/INFO] [Moonlight/]: Skipping regeneration for Dynamic SERVER_DATA Resources Provider [supplementaries:generated_pack] (cache up-to-date)
[22May2026 19:58:38.264] [main/INFO] [Moonlight/]: Finished runtime resources generation for 1 packs in a total of 9.819 ms 
[22May2026 19:58:38.350] [NeoForge Version Check/INFO] [net.neoforged.fml.VersionChecker/]: [create] Found status: OUTDATED Current: 6.0.10 Target: 6.0.10+mc1.21.1
[22May2026 19:58:38.350] [NeoForge Version Check/INFO] [net.neoforged.fml.VersionChecker/]: [securitycraft] Starting version check at https://www.github.com/Geforce132/SecurityCraft/raw/master/Updates/Forge.json
[22May2026 19:58:38.412] [NeoForge Version Check/INFO] [net.neoforged.fml.VersionChecker/]: [securitycraft] Found status: UP_TO_DATE Current: 1.10.1 Target: null
[22May2026 19:58:38.413] [NeoForge Version Check/INFO] [net.neoforged.fml.VersionChecker/]: [puzzleslib] Starting version check at https://raw.githubusercontent.com/Fuzss/modresources/main/update/puzzleslib.json
[22May2026 19:58:38.422] [NeoForge Version Check/INFO] [net.neoforged.fml.VersionChecker/]: [puzzleslib] Found status: OUTDATED Current: 21.1.39 Target: 21.1.44
[22May2026 19:58:39.848] [Worker-Main-3/ERROR] [net.minecraft.world.level.storage.loot.LootDataType/]: Couldn't parse element ResourceKey[minecraft:root / minecraft:loot_table]:createteleporters:blocks/customportal - Unknown registry key in ResourceKey[minecraft:root / minecraft:item]: createteleporters:customportal
[22May2026 19:58:40.380] [Worker-Main-3/WARN] [net.minecraft.server.ReloadableServerRegistries/]: Found loot table element validation problem in {minecraft:loot_table:supplementaries:loot/galleon/safe}.pools[0].entries[3]: Unreachable entry!
[22May2026 19:58:40.381] [Worker-Main-3/WARN] [net.minecraft.server.ReloadableServerRegistries/]: Found loot table element validation problem in {minecraft:loot_table:minecraft:chests/pillager_outpost}.pools[7].entries[0]: Unknown loot table called supplementaries:inject/pillager_quiver
[22May2026 19:58:40.381] [Worker-Main-3/WARN] [net.minecraft.server.ReloadableServerRegistries/]: Found loot table element validation problem in {minecraft:loot_table:dungeons_arise:chests/illager_campsite/illager_campsite_tent}.pools[5].entries[0]->{minecraft:chests/pillager_outpost}.pools[7].entries[0]: Unknown loot table called supplementaries:inject/pillager_quiver
[22May2026 19:58:40.381] [Worker-Main-3/WARN] [net.minecraft.server.ReloadableServerRegistries/]: Found loot table element validation problem in {minecraft:loot_table:dungeons_arise:chests/illager_campsite/illager_campsite_map}.pools[7].entries[0]->{minecraft:chests/pillager_outpost}.pools[7].entries[0]: Unknown loot table called supplementaries:inject/pillager_quiver
[22May2026 19:58:40.381] [Worker-Main-3/WARN] [net.minecraft.server.ReloadableServerRegistries/]: Found loot table element validation problem in {minecraft:loot_table:supplementaries:loot/galleon/safe}.pools[2].entries[1]: Unreachable entry!
[22May2026 19:58:42.360] [Worker-Main-2/ERROR] [com.wdiscute.sellingbin.processors.AbstractProcessor/]: Selling Bin Processor selling_bin:quality_foods_processor is not registered! Make sure it's not dependent on another mod, and that you spelt the name correctly. Using empty processor instead.
[22May2026 19:58:42.364] [Worker-Main-2/ERROR] [com.wdiscute.sellingbin.processors.AbstractProcessor/]: Selling Bin Processor selling_bin:quality_foods_processor is not registered! Make sure it's not dependent on another mod, and that you spelt the name correctly. Using empty processor instead.
[22May2026 19:58:42.365] [Worker-Main-2/ERROR] [com.wdiscute.sellingbin.processors.AbstractProcessor/]: Selling Bin Processor selling_bin:quality_foods_processor is not registered! Make sure it's not dependent on another mod, and that you spelt the name correctly. Using empty processor instead.
[22May2026 19:58:42.366] [Worker-Main-2/ERROR] [com.wdiscute.sellingbin.processors.AbstractProcessor/]: Selling Bin Processor selling_bin:quality_foods_processor is not registered! Make sure it's not dependent on another mod, and that you spelt the name correctly. Using empty processor instead.
[22May2026 19:58:42.366] [Worker-Main-2/ERROR] [com.wdiscute.sellingbin.processors.AbstractProcessor/]: Selling Bin Processor selling_bin:quality_foods_processor is not registered! Make sure it's not dependent on another mod, and that you spelt the name correctly. Using empty processor instead.
[22May2026 19:58:52.776] [main/ERROR] [net.minecraft.world.item.crafting.RecipeManager/]: Parsing error loading recipe createdeco:placard
com.google.gson.JsonParseException: Failed to parse either. First: Not a json array: {"id":"minecraft:white_dye"}; Second: No key tag in MapLike[{"id":"minecraft:white_dye"}]; No key item in MapLike[{"id":"minecraft:white_dye"}]
	at MC-BOOTSTRAP/datafixerupper@8.0.16/com.mojang.serialization.DataResult$Error.getOrThrow(DataResult.java:287) ~[datafixerupper-8.0.16.jar%2398!/:?]
	at TRANSFORMER/minecraft@1.21.1/net.minecraft.world.item.crafting.RecipeManager.apply(RecipeManager.java:60) ~[server-1.21.1-20240808.144430-srg.jar%23233!/:?]
	at TRANSFORMER/minecraft@1.21.1/net.minecraft.world.item.crafting.RecipeManager.apply(RecipeManager.java:36) ~[server-1.21.1-20240808.144430-srg.jar%23233!/:?]
	at TRANSFORMER/minecraft@1.21.1/net.minecraft.server.packs.resources.SimplePreparableReloadListener.lambda$reload$1(SimplePreparableReloadListener.java:19) ~[server-1.21.1-20240808.144430-srg.jar%23233!/:?]
	at java.base/java.util.concurrent.CompletableFuture$UniAccept.tryFire(CompletableFuture.java:718) ~[?:?]
	at java.base/java.util.concurrent.CompletableFuture$Completion.run(CompletableFuture.java:482) ~[?:?]
	at TRANSFORMER/minecraft@1.21.1/net.minecraft.server.packs.resources.SimpleReloadInstance.lambda$new$3(SimpleReloadInstance.java:69) ~[server-1.21.1-20240808.144430-srg.jar%23233!/:?]
	at TRANSFORMER/minecraft@1.21.1/net.minecraft.Util.blockUntilDone(Util.java:872) ~[server-1.21.1-20240808.144430-srg.jar%23233!/:?]
	at TRANSFORMER/minecraft@1.21.1/net.minecraft.Util.blockUntilDone(Util.java:861) ~[server-1.21.1-20240808.144430-srg.jar%23233!/:?]
	at TRANSFORMER/minecraft@1.21.1/net.minecraft.server.Main.main(Main.java:204) ~[server-1.21.1-20240808.144430-srg.jar%23233!/:?]
	at java.base/jdk.internal.reflect.DirectMethodHandleAccessor.invoke(DirectMethodHandleAccessor.java:103) ~[?:?]
	at java.base/java.lang.reflect.Method.invoke(Method.java:580) ~[?:?]
	at MC-BOOTSTRAP/fml_loader@4.0.42/net.neoforged.fml.loading.targets.CommonLaunchHandler.runTarget(CommonLaunchHandler.java:136) ~[loader-4.0.42.jar%2357!/:4.0]
	at MC-BOOTSTRAP/fml_loader@4.0.42/net.neoforged.fml.loading.targets.CommonLaunchHandler.serverService(CommonLaunchHandler.java:128) ~[loader-4.0.42.jar%2357!/:4.0]
	at MC-BOOTSTRAP/fml_loader@4.0.42/net.neoforged.fml.loading.targets.CommonServerLaunchHandler.runService(CommonServerLaunchHandler.java:32) ~[loader-4.0.42.jar%2357!/:4.0]
	at MC-BOOTSTRAP/fml_loader@4.0.42/net.neoforged.fml.loading.targets.CommonLaunchHandler.lambda$launchService$4(CommonLaunchHandler.java:118) ~[loader-4.0.42.jar%2357!/:4.0]
	at MC-BOOTSTRAP/cpw.mods.modlauncher@11.0.5/cpw.mods.modlauncher.LaunchServiceHandlerDecorator.launch(LaunchServiceHandlerDecorator.java:30) [modlauncher-11.0.5.jar%2362!/:?]
	at MC-BOOTSTRAP/cpw.mods.modlauncher@11.0.5/cpw.mods.modlauncher.LaunchServiceHandler.launch(LaunchServiceHandler.java:53) [modlauncher-11.0.5.jar%2362!/:?]
	at MC-BOOTSTRAP/cpw.mods.modlauncher@11.0.5/cpw.mods.modlauncher.LaunchServiceHandler.launch(LaunchServiceHandler.java:71) [modlauncher-11.0.5.jar%2362!/:?]
	at MC-BOOTSTRAP/cpw.mods.modlauncher@11.0.5/cpw.mods.modlauncher.Launcher.run(Launcher.java:103) [modlauncher-11.0.5.jar%2362!/:?]
	at MC-BOOTSTRAP/cpw.mods.modlauncher@11.0.5/cpw.mods.modlauncher.Launcher.main(Launcher.java:74) [modlauncher-11.0.5.jar%2362!/:?]
	at MC-BOOTSTRAP/cpw.mods.modlauncher@11.0.5/cpw.mods.modlauncher.BootstrapLaunchConsumer.accept(BootstrapLaunchConsumer.java:26) [modlauncher-11.0.5.jar%2362!/:?]
	at MC-BOOTSTRAP/cpw.mods.modlauncher@11.0.5/cpw.mods.modlauncher.BootstrapLaunchConsumer.accept(BootstrapLaunchConsumer.java:23) [modlauncher-11.0.5.jar%2362!/:?]
	at cpw.mods.bootstraplauncher@2.0.2/cpw.mods.bootstraplauncher.BootstrapLauncher.run(BootstrapLauncher.java:210) [bootstraplauncher-2.0.2.jar:?]
	at cpw.mods.bootstraplauncher@2.0.2/cpw.mods.bootstraplauncher.BootstrapLauncher.main(BootstrapLauncher.java:69) [bootstraplauncher-2.0.2.jar:?]
	at java.base/jdk.internal.reflect.DirectMethodHandleAccessor.invoke(DirectMethodHandleAccessor.java:103) ~[?:?]
	at java.base/java.lang.reflect.Method.invoke(Method.java:580) ~[?:?]
	at net.neoforged.serverstarterjar.Main.mainLaunch(Main.java:297) [neoforge.jar:0.1.34]
	at net.neoforged.serverstarterjar.Main.main(Main.java:76) [neoforge.jar:0.1.34]
	at java.base/jdk.internal.reflect.DirectMethodHandleAccessor.invoke(DirectMethodHandleAccessor.java:103) ~[?:?]
	at java.base/java.lang.reflect.Method.invoke(Method.java:580) ~[?:?]
	at net.neoforged.serverstarterjar.Main8.main(Main8.java:19) [neoforge.jar:0.1.34]
[22May2026 19:58:52.992] [main/ERROR] [net.minecraft.world.item.crafting.RecipeManager/]: Parsing error loading recipe brewinandchewin:fermenting/ghast_sourdough
com.google.gson.JsonParseException: Unknown registry key in ResourceKey[minecraft:root / minecraft:recipe_serializer]: brewinandchewin:fermenting
	at MC-BOOTSTRAP/datafixerupper@8.0.16/com.mojang.serialization.DataResult$Error.getOrThrow(DataResult.java:287) ~[datafixerupper-8.0.16.jar%2398!/:?]
	at TRANSFORMER/minecraft@1.21.1/net.minecraft.world.item.crafting.RecipeManager.apply(RecipeManager.java:60) ~[server-1.21.1-20240808.144430-srg.jar%23233!/:?]
	at TRANSFORMER/minecraft@1.21.1/net.minecraft.world.item.crafting.RecipeManager.apply(RecipeManager.java:36) ~[server-1.21.1-20240808.144430-srg.jar%23233!/:?]
	at TRANSFORMER/minecraft@1.21.1/net.minecraft.server.packs.resources.SimplePreparableReloadListener.lambda$reload$1(SimplePreparableReloadListener.java:19) ~[server-1.21.1-20240808.144430-srg.jar%23233!/:?]
	at java.base/java.util.concurrent.CompletableFuture$UniAccept.tryFire(CompletableFuture.java:718) ~[?:?]
	at java.base/java.util.concurrent.CompletableFuture$Completion.run(CompletableFuture.java:482) ~[?:?]
	at TRANSFORMER/minecraft@1.21.1/net.minecraft.server.packs.resources.SimpleReloadInstance.lambda$new$3(SimpleReloadInstance.java:69) ~[server-1.21.1-20240808.144430-srg.jar%23233!/:?]
	at TRANSFORMER/minecraft@1.21.1/net.minecraft.Util.blockUntilDone(Util.java:872) ~[server-1.21.1-20240808.144430-srg.jar%23233!/:?]
	at TRANSFORMER/minecraft@1.21.1/net.minecraft.Util.blockUntilDone(Util.java:861) ~[server-1.21.1-20240808.144430-srg.jar%23233!/:?]
	at TRANSFORMER/minecraft@1.21.1/net.minecraft.server.Main.main(Main.java:204) ~[server-1.21.1-20240808.144430-srg.jar%23233!/:?]
	at java.base/jdk.internal.reflect.DirectMethodHandleAccessor.invoke(DirectMethodHandleAccessor.java:103) ~[?:?]
	at java.base/java.lang.reflect.Method.invoke(Method.java:580) ~[?:?]
	at MC-BOOTSTRAP/fml_loader@4.0.42/net.neoforged.fml.loading.targets.CommonLaunchHandler.runTarget(CommonLaunchHandler.java:136) ~[loader-4.0.42.jar%2357!/:4.0]
	at MC-BOOTSTRAP/fml_loader@4.0.42/net.neoforged.fml.loading.targets.CommonLaunchHandler.serverService(CommonLaunchHandler.java:128) ~[loader-4.0.42.jar%2357!/:4.0]
	at MC-BOOTSTRAP/fml_loader@4.0.42/net.neoforged.fml.loading.targets.CommonServerLaunchHandler.runService(CommonServerLaunchHandler.java:32) ~[loader-4.0.42.jar%2357!/:4.0]
	at MC-BOOTSTRAP/fml_loader@4.0.42/net.neoforged.fml.loading.targets.CommonLaunchHandler.lambda$launchService$4(CommonLaunchHandler.java:118) ~[loader-4.0.42.jar%2357!/:4.0]
	at MC-BOOTSTRAP/cpw.mods.modlauncher@11.0.5/cpw.mods.modlauncher.LaunchServiceHandlerDecorator.launch(LaunchServiceHandlerDecorator.java:30) [modlauncher-11.0.5.jar%2362!/:?]
	at MC-BOOTSTRAP/cpw.mods.modlauncher@11.0.5/cpw.mods.modlauncher.LaunchServiceHandler.launch(LaunchServiceHandler.java:53) [modlauncher-11.0.5.jar%2362!/:?]
	at MC-BOOTSTRAP/cpw.mods.modlauncher@11.0.5/cpw.mods.modlauncher.LaunchServiceHandler.launch(LaunchServiceHandler.java:71) [modlauncher-11.0.5.jar%2362!/:?]
	at MC-BOOTSTRAP/cpw.mods.modlauncher@11.0.5/cpw.mods.modlauncher.Launcher.run(Launcher.java:103) [modlauncher-11.0.5.jar%2362!/:?]
	at MC-BOOTSTRAP/cpw.mods.modlauncher@11.0.5/cpw.mods.modlauncher.Launcher.main(Launcher.java:74) [modlauncher-11.0.5.jar%2362!/:?]
	at MC-BOOTSTRAP/cpw.mods.modlauncher@11.0.5/cpw.mods.modlauncher.BootstrapLaunchConsumer.accept(BootstrapLaunchConsumer.java:26) [modlauncher-11.0.5.jar%2362!/:?]
	at MC-BOOTSTRAP/cpw.mods.modlauncher@11.0.5/cpw.mods.modlauncher.BootstrapLaunchConsumer.accept(BootstrapLaunchConsumer.java:23) [modlauncher-11.0.5.jar%2362!/:?]
	at cpw.mods.bootstraplauncher@2.0.2/cpw.mods.bootstraplauncher.BootstrapLauncher.run(BootstrapLauncher.java:210) [bootstraplauncher-2.0.2.jar:?]
	at cpw.mods.bootstraplauncher@2.0.2/cpw.mods.bootstraplauncher.BootstrapLauncher.main(BootstrapLauncher.java:69) [bootstraplauncher-2.0.2.jar:?]
	at java.base/jdk.internal.reflect.DirectMethodHandleAccessor.invoke(DirectMethodHandleAccessor.java:103) ~[?:?]
	at java.base/java.lang.reflect.Method.invoke(Method.java:580) ~[?:?]
	at net.neoforged.serverstarterjar.Main.mainLaunch(Main.java:297) [neoforge.jar:0.1.34]
	at net.neoforged.serverstarterjar.Main.main(Main.java:76) [neoforge.jar:0.1.34]
	at java.base/jdk.internal.reflect.DirectMethodHandleAccessor.invoke(DirectMethodHandleAccessor.java:103) ~[?:?]
	at java.base/java.lang.reflect.Method.invoke(Method.java:580) ~[?:?]
	at net.neoforged.serverstarterjar.Main8.main(Main8.java:19) [neoforge.jar:0.1.34]
[22May2026 19:58:53.179] [main/INFO] [net.minecraft.world.item.crafting.RecipeManager/]: Loaded 16762 recipes
[22May2026 19:58:53.774] [main/ERROR] [net.minecraft.advancements.AdvancementTree/]: Couldn't load advancements: [dungeons_arise:find_thornborn_towers, dungeons_arise:find_fishing_hut]
[22May2026 19:58:53.774] [main/INFO] [net.minecraft.advancements.AdvancementTree/]: Loaded 11147 advancements
[22May2026 19:58:53.803] [main/WARN] [net.neoforged.neoforge.common.loot.LootModifierManager/]: Could not decode GlobalLootModifier with json id minersdelight:scavenging_cooked_bat_wing_knifeless - error: Unknown registry key in ResourceKey[minecraft:root / minecraft:item]: minersdelight:baked_bat_wing
[22May2026 19:58:53.806] [main/WARN] [net.neoforged.neoforge.common.loot.LootModifierManager/]: Could not decode GlobalLootModifier with json id minersdelight:breaking_infested_blocks - error: Failed to parse either. First: Unknown registry key in ResourceKey[minecraft:root / minecraft:loot_condition_type]: neoforge:can_tool_perform_action; Second: Not a json array: {"condition":"neoforge:can_tool_perform_action","action":"pickaxe_dig"}
[22May2026 19:58:53.835] [main/INFO] [Curios API/]: Loaded 15 curio slots
[22May2026 19:58:53.841] [main/INFO] [Curios API/]: Loaded 11 curio entities
[22May2026 19:58:53.858] [main/INFO] [Supplementaries/]: Loaded 29 flute songs
[22May2026 19:58:53.900] [main/INFO] [Dungeon Crawl/]: Loading data...
[22May2026 19:58:54.220] [main/INFO] [Dungeon Crawl/]: Done.
[22May2026 19:58:54.272] [main/INFO] [Moonlight/]: Applied 17 data villager trades
[22May2026 19:58:54.277] [main/INFO] [Moonlight/]: Failed to load custom color set definition {"id":"quark:rune","colors":{"default":"quark:blank_rune"},"replace":false}. Ignoring
[22May2026 19:58:54.278] [main/INFO] [Moonlight/]: Failed to load custom color set definition {"id":"quark:shard","colors":{"default":"quark:clear_shard"},"replace":false}. Ignoring
[22May2026 19:58:54.337] [main/WARN] [net.minecraft.core.MappedRegistry/]: Not all defined tags for registry ResourceKey[minecraft:root / minecraft:block] are present in data pack: cataclysm:needs_black_steel_tool, cataclysm:needs_monstrosity_tool
[22May2026 19:59:01.231] [main/INFO] [Supplementaries/]: Registering custom dispenser behaviors
[22May2026 19:59:01.490] [Server thread/INFO] [net.minecraft.server.dedicated.DedicatedServer/]: Starting minecraft server version 1.21.1
[22May2026 19:59:01.491] [Server thread/INFO] [net.minecraft.server.dedicated.DedicatedServer/]: Loading properties
[22May2026 19:59:01.491] [Server thread/INFO] [net.minecraft.server.dedicated.DedicatedServer/]: Default game type: SURVIVAL
[22May2026 19:59:01.491] [Server thread/INFO] [net.minecraft.server.MinecraftServer/]: Generating keypair
[22May2026 19:59:01.715] [Server thread/INFO] [net.minecraft.server.dedicated.DedicatedServer/]: Starting Minecraft server on *:25565
[22May2026 19:59:01.830] [Server thread/INFO] [dev.ryanhcode.sable.Sable/]: Adding UDP server channel future
[22May2026 19:59:01.883] [Netty Epoll Server IO #0/INFO] [dev.ryanhcode.sable.Sable/]: Server UDP channel active
[22May2026 19:59:01.884] [Server thread/INFO] [net.minecraft.server.network.ServerConnectionListener/]: Using epoll channel type
[22May2026 19:59:01.890] [Server thread/WARN] [net.minecraft.server.dedicated.DedicatedServer/]: **** SERVER IS RUNNING IN OFFLINE/INSECURE MODE!
[22May2026 19:59:01.891] [Server thread/WARN] [net.minecraft.server.dedicated.DedicatedServer/]: The server will make no attempt to authenticate usernames. Beware.
[22May2026 19:59:01.892] [Server thread/WARN] [net.minecraft.server.dedicated.DedicatedServer/]: While this makes the game possible to play without internet access, it also opens up the ability for hackers to connect with any username they choose.
[22May2026 19:59:01.893] [Server thread/WARN] [net.minecraft.server.dedicated.DedicatedServer/]: To change this, set "online-mode" to "true" in the server.properties file.
[22May2026 19:59:01.920] [Server thread/INFO] [Puzzles Lib/]: Dispatching loading event for config mutantmonsters-server.toml
[22May2026 19:59:01.939] [Server thread/INFO] [com.tom.createores.CreateOreExcavation/]: Loaded Create Ore Excavation config file createoreexcavation-server.toml
[22May2026 19:59:02.019] [Server thread/WARN] [net.neoforged.neoforge.server.ServerLifecycleHooks/]: Detected minecraft:ocelot that was registered with CREATURE mob category but was added under MONSTER mob category for biomesoplenty:rainforest biome! Mobs should be added to biomes under the same mob category that the mob was registered as to prevent mob cap spawning issues.
[22May2026 19:59:02.021] [Server thread/WARN] [net.neoforged.neoforge.server.ServerLifecycleHooks/]: Detected minecraft:ocelot that was registered with CREATURE mob category but was added under MONSTER mob category for biomesoplenty:rocky_rainforest biome! Mobs should be added to biomes under the same mob category that the mob was registered as to prevent mob cap spawning issues.
[22May2026 19:59:02.061] [Server thread/INFO] [Framework/]: Loading server configs...
[22May2026 19:59:02.674] [Server thread/INFO] [terrablender/]: Initialized TerraBlender biomes for level stem minecraft:overworld
[22May2026 19:59:02.674] [Server thread/INFO] [terrablender/]: Initialized TerraBlender biomes for level stem minecraft:the_nether
[22May2026 19:59:02.676] [Server thread/INFO] [terrablender/]: Initialized TerraBlender biomes for level stem aether:the_aether
[22May2026 19:59:02.677] [Server thread/INFO] [net.minecraft.server.dedicated.DedicatedServer/]: Preparing level "world"
[22May2026 19:59:03.129] [Server thread/INFO] [dev.ryanhcode.sable.Sable/]: Assigned physics scene ID 0 to minecraft:overworld
[22May2026 19:59:04.120] [Server thread/WARN] [net.montoyo.wd.utilities.Log/]: Could not create miniserv storage directory /wd_filehost
[22May2026 19:59:05.258] [Server thread/INFO] [dev.ryanhcode.sable.Sable/]: Assigned physics scene ID 1 to minecraft:the_nether
[22May2026 19:59:08.909] [Server thread/INFO] [dev.ryanhcode.sable.Sable/]: Assigned physics scene ID 2 to aether:the_aether
[22May2026 19:59:08.992] [Server thread/INFO] [dev.ryanhcode.sable.Sable/]: Assigned physics scene ID 3 to createteleporters:pocket_dimension
[22May2026 19:59:09.064] [Server thread/INFO] [dev.ryanhcode.sable.Sable/]: Assigned physics scene ID 4 to minecraft:the_end
[22May2026 19:59:09.141] [Server thread/INFO] [net.minecraft.server.MinecraftServer/]: Preparing start region for dimension minecraft:overworld
[22May2026 19:59:11.640] [Worker-Main-1/INFO] [net.minecraft.server.level.progress.LoggerChunkProgressListener/]: Preparing spawn area: 0%
[22May2026 19:59:11.646] [Worker-Main-1/INFO] [net.minecraft.server.level.progress.LoggerChunkProgressListener/]: Preparing spawn area: 0%
[22May2026 19:59:11.646] [Worker-Main-1/INFO] [net.minecraft.server.level.progress.LoggerChunkProgressListener/]: Preparing spawn area: 0%
[22May2026 19:59:11.648] [Worker-Main-1/INFO] [net.minecraft.server.level.progress.LoggerChunkProgressListener/]: Preparing spawn area: 0%
[22May2026 19:59:11.648] [Worker-Main-1/INFO] [net.minecraft.server.level.progress.LoggerChunkProgressListener/]: Preparing spawn area: 0%
[22May2026 19:59:11.649] [Worker-Main-1/INFO] [net.minecraft.server.level.progress.LoggerChunkProgressListener/]: Preparing spawn area: 0%
[22May2026 19:59:11.855] [Server thread/INFO] [net.minecraft.server.level.progress.LoggerChunkProgressListener/]: Time elapsed: 2713 ms
[22May2026 19:59:11.855] [Server thread/INFO] [net.minecraft.server.dedicated.DedicatedServer/]: Done (9.949s)! For help, type "help"
[22May2026 19:59:12.132] [Server thread/INFO] [net.neoforged.neoforge.server.permission.PermissionAPI/]: Successfully initialized permission handler neoforge:default_handler
[22May2026 19:59:12.165] [Server thread/INFO] [net.lpcamors.optical.CreateOptical/]: Reloading focusing recipes
[22May2026 19:59:12.300] [Server thread/INFO] [dev.ryanhcode.sable.Sable/]: Assigned physics scene ID 5 to minecraft:server_faucet_test_level
[22May2026 19:59:12.730] [Server thread/INFO] [dev.ryanhcode.sable.Sable/]: Assigned physics scene ID 6 to minecraft:server_projectile_test_level
[22May2026 19:59:16.532] [Server thread/INFO] [atomicstryker.infernalmobs.common.InfernalMobsCore/]: item config parser identified itemstack 1 minecraft:iron_shovel
[22May2026 19:59:16.534] [Server thread/INFO] [atomicstryker.infernalmobs.common.InfernalMobsCore/]: item config parser identified itemstack 1 minecraft:iron_pickaxe
[22May2026 19:59:16.534] [Server thread/INFO] [atomicstryker.infernalmobs.common.InfernalMobsCore/]: item config parser identified itemstack 1 minecraft:iron_axe
[22May2026 19:59:16.535] [Server thread/INFO] [atomicstryker.infernalmobs.common.InfernalMobsCore/]: item config parser identified itemstack 1 minecraft:iron_sword
[22May2026 19:59:16.535] [Server thread/INFO] [atomicstryker.infernalmobs.common.InfernalMobsCore/]: item config parser identified itemstack 1 minecraft:iron_hoe
[22May2026 19:59:16.538] [Server thread/INFO] [atomicstryker.infernalmobs.common.InfernalMobsCore/]: item config parser identified itemstack 1 minecraft:chainmail_helmet
[22May2026 19:59:16.539] [Server thread/INFO] [atomicstryker.infernalmobs.common.InfernalMobsCore/]: item config parser identified itemstack 1 minecraft:chainmail_boots
[22May2026 19:59:16.539] [Server thread/INFO] [atomicstryker.infernalmobs.common.InfernalMobsCore/]: item config parser identified itemstack 1 minecraft:chainmail_chestplate
[22May2026 19:59:16.539] [Server thread/INFO] [atomicstryker.infernalmobs.common.InfernalMobsCore/]: item config parser identified itemstack 1 minecraft:chainmail_leggings
[22May2026 19:59:16.539] [Server thread/INFO] [atomicstryker.infernalmobs.common.InfernalMobsCore/]: item config parser identified itemstack 1 minecraft:iron_helmet
[22May2026 19:59:16.540] [Server thread/INFO] [atomicstryker.infernalmobs.common.InfernalMobsCore/]: item config parser identified itemstack 1 minecraft:iron_boots
[22May2026 19:59:16.540] [Server thread/INFO] [atomicstryker.infernalmobs.common.InfernalMobsCore/]: item config parser identified itemstack 1 minecraft:iron_chestplate
[22May2026 19:59:16.541] [Server thread/INFO] [atomicstryker.infernalmobs.common.InfernalMobsCore/]: item config parser identified itemstack 1 minecraft:iron_leggings
[22May2026 19:59:16.541] [Server thread/INFO] [atomicstryker.infernalmobs.common.InfernalMobsCore/]: item config parser identified itemstack 5 minecraft:cookie
[22May2026 19:59:16.543] [Server thread/INFO] [atomicstryker.infernalmobs.common.InfernalMobsCore/]: item config parser finished, item count: 14
[22May2026 19:59:16.543] [Server thread/INFO] [atomicstryker.infernalmobs.common.InfernalMobsCore/]: item config parser identified itemstack 1 minecraft:iron_hoe
[22May2026 19:59:16.543] [Server thread/INFO] [atomicstryker.infernalmobs.common.InfernalMobsCore/]: item config parser identified itemstack 1 minecraft:bow
[22May2026 19:59:16.545] [Server thread/INFO] [atomicstryker.infernalmobs.common.InfernalMobsCore/]: item config parser identified itemstack 1 minecraft:chainmail_helmet
[22May2026 19:59:16.546] [Server thread/INFO] [atomicstryker.infernalmobs.common.InfernalMobsCore/]: item config parser identified itemstack 1 minecraft:chainmail_boots
[22May2026 19:59:16.546] [Server thread/INFO] [atomicstryker.infernalmobs.common.InfernalMobsCore/]: item config parser identified itemstack 1 minecraft:chainmail_chestplate
[22May2026 19:59:16.546] [Server thread/INFO] [atomicstryker.infernalmobs.common.InfernalMobsCore/]: item config parser identified itemstack 1 minecraft:chainmail_leggings
[22May2026 19:59:16.547] [Server thread/INFO] [atomicstryker.infernalmobs.common.InfernalMobsCore/]: item config parser identified itemstack 1 minecraft:iron_helmet
[22May2026 19:59:16.548] [Server thread/INFO] [atomicstryker.infernalmobs.common.InfernalMobsCore/]: item config parser identified itemstack 1 minecraft:iron_boots
[22May2026 19:59:16.548] [Server thread/INFO] [atomicstryker.infernalmobs.common.InfernalMobsCore/]: item config parser identified itemstack 1 minecraft:iron_chestplate
[22May2026 19:59:16.549] [Server thread/INFO] [atomicstryker.infernalmobs.common.InfernalMobsCore/]: item config parser identified itemstack 1 minecraft:iron_leggings
[22May2026 19:59:16.549] [Server thread/INFO] [atomicstryker.infernalmobs.common.InfernalMobsCore/]: item config parser identified itemstack 1 minecraft:golden_helmet
[22May2026 19:59:16.550] [Server thread/INFO] [atomicstryker.infernalmobs.common.InfernalMobsCore/]: item config parser identified itemstack 1 minecraft:golden_boots
[22May2026 19:59:16.551] [Server thread/INFO] [atomicstryker.infernalmobs.common.InfernalMobsCore/]: item config parser identified itemstack 1 minecraft:golden_chestplate
[22May2026 19:59:16.552] [Server thread/INFO] [atomicstryker.infernalmobs.common.InfernalMobsCore/]: item config parser identified itemstack 1 minecraft:golden_leggings
[22May2026 19:59:16.555] [Server thread/INFO] [atomicstryker.infernalmobs.common.InfernalMobsCore/]: item config parser identified itemstack 3 minecraft:golden_apple
[22May2026 19:59:16.555] [Server thread/INFO] [atomicstryker.infernalmobs.common.InfernalMobsCore/]: item config parser identified itemstack 5 minecraft:blaze_powder
[22May2026 19:59:16.555] [Server thread/INFO] [atomicstryker.infernalmobs.common.InfernalMobsCore/]: item config parser identified itemstack 1 minecraft:enchanted_book
[22May2026 19:59:16.556] [Server thread/INFO] [atomicstryker.infernalmobs.common.InfernalMobsCore/]: item config parser finished, item count: 17
[22May2026 19:59:16.556] [Server thread/INFO] [atomicstryker.infernalmobs.common.InfernalMobsCore/]: item config parser identified itemstack 1 minecraft:enchanted_book
[22May2026 19:59:16.556] [Server thread/INFO] [atomicstryker.infernalmobs.common.InfernalMobsCore/]: item config parser identified itemstack 3 minecraft:diamond
[22May2026 19:59:16.557] [Server thread/INFO] [atomicstryker.infernalmobs.common.InfernalMobsCore/]: item config parser identified itemstack 1 minecraft:diamond_sword
[22May2026 19:59:16.559] [Server thread/INFO] [atomicstryker.infernalmobs.common.InfernalMobsCore/]: item config parser identified itemstack 1 minecraft:diamond_axe
[22May2026 19:59:16.560] [Server thread/INFO] [atomicstryker.infernalmobs.common.InfernalMobsCore/]: item config parser identified itemstack 1 minecraft:diamond_hoe
[22May2026 19:59:16.561] [Server thread/INFO] [atomicstryker.infernalmobs.common.InfernalMobsCore/]: item config parser identified itemstack 1 minecraft:diamond_pickaxe
[22May2026 19:59:16.561] [Server thread/INFO] [atomicstryker.infernalmobs.common.InfernalMobsCore/]: item config parser identified itemstack 1 minecraft:diamond_shovel
[22May2026 19:59:16.562] [Server thread/INFO] [atomicstryker.infernalmobs.common.InfernalMobsCore/]: item config parser identified itemstack 1 minecraft:chainmail_helmet
[22May2026 19:59:16.562] [Server thread/INFO] [atomicstryker.infernalmobs.common.InfernalMobsCore/]: item config parser identified itemstack 1 minecraft:chainmail_boots
[22May2026 19:59:16.562] [Server thread/INFO] [atomicstryker.infernalmobs.common.InfernalMobsCore/]: item config parser identified itemstack 1 minecraft:chainmail_chestplate
[22May2026 19:59:16.562] [Server thread/INFO] [atomicstryker.infernalmobs.common.InfernalMobsCore/]: item config parser identified itemstack 1 minecraft:chainmail_leggings
[22May2026 19:59:16.563] [Server thread/INFO] [atomicstryker.infernalmobs.common.InfernalMobsCore/]: item config parser identified itemstack 1 minecraft:diamond_helmet
[22May2026 19:59:16.563] [Server thread/INFO] [atomicstryker.infernalmobs.common.InfernalMobsCore/]: item config parser identified itemstack 1 minecraft:diamond_boots
[22May2026 19:59:16.564] [Server thread/INFO] [atomicstryker.infernalmobs.common.InfernalMobsCore/]: item config parser identified itemstack 1 minecraft:diamond_chestplate
[22May2026 19:59:16.566] [Server thread/INFO] [atomicstryker.infernalmobs.common.InfernalMobsCore/]: item config parser identified itemstack 1 minecraft:diamond_leggings
[22May2026 19:59:16.567] [Server thread/INFO] [atomicstryker.infernalmobs.common.InfernalMobsCore/]: item config parser identified itemstack 3 minecraft:ender_pearl
[22May2026 19:59:16.567] [Server thread/INFO] [atomicstryker.infernalmobs.common.InfernalMobsCore/]: item config parser finished, item count: 16
[22May2026 19:59:16.569] [Server thread/INFO] [atomicstryker.infernalmobs.common.InfernalMobsCore/]: InfernalMobsCore commonSetup completed! Modifiers ready: 28
[22May2026 19:59:16.570] [Server thread/INFO] [atomicstryker.infernalmobs.common.InfernalMobsCore/]: InfernalMobsCore commonSetup completed! config file at: /workspaces/new-neoforge-server-refluido-waos-1/servidor_minecraft/config/infernalmobs.cfg
[22May2026 19:59:16.571] [Server thread/INFO] [com.finderfeed.fdlib.FDLib/]: Loading FD configs...
[22May2026 19:59:16.573] [Server thread/INFO] [com.finderfeed.fdlib.FDLib/]: Loading config fdlib:test
[22May2026 19:59:16.576] [Server thread/INFO] [com.finderfeed.fdlib.FDLib/]: Loading config fdlib:fdlib_client
[22May2026 19:59:16.581] [Server thread/INFO] [com.finderfeed.fdlib.FDLib/]: Loaded FD configs.
[22May2026 20:00:54.861] [ForkJoinPool.commonPool-worker-3/WARN] [SkinRestorer/]: Failed to fetch skin 'mojang:GOAT-10'
java.lang.IllegalStateException: not found
	at TRANSFORMER/skinrestorer@2.7.0+1.21-neoforge/net.lionarius.skinrestorer.util.WebUtils.throwOnClientErrors(WebUtils.java:104) ~[?:?]
	at TRANSFORMER/skinrestorer@2.7.0+1.21-neoforge/net.lionarius.skinrestorer.skin.provider.base.YggdrasilSkinProvider.getProfile(YggdrasilSkinProvider.java:52) ~[?:?]
	at TRANSFORMER/skinrestorer@2.7.0+1.21-neoforge/net.lionarius.skinrestorer.skin.provider.builtin.MojangSkinProvider.lambda$new$0(MojangSkinProvider.java:44) ~[?:?]
	at TRANSFORMER/minecraft@1.21.1/net.minecraft.server.players.GameProfileCache.lookupGameProfile(GameProfileCache.java:95) ~[?:?]
	at TRANSFORMER/minecraft@1.21.1/net.minecraft.server.players.GameProfileCache.get(GameProfileCache.java:150) ~[?:?]
	at TRANSFORMER/skinrestorer@2.7.0+1.21-neoforge/net.lionarius.skinrestorer.skin.provider.builtin.MojangSkinProvider.resolveUuid(MojangSkinProvider.java:75) ~[?:?]
	at TRANSFORMER/skinrestorer@2.7.0+1.21-neoforge/net.lionarius.skinrestorer.skin.provider.base.ProfileSkinProvider.getCacheKey(ProfileSkinProvider.java:63) ~[?:?]
	at TRANSFORMER/skinrestorer@2.7.0+1.21-neoforge/net.lionarius.skinrestorer.skin.provider.base.ProfileSkinProvider.getCacheKey(ProfileSkinProvider.java:19) ~[?:?]
	at TRANSFORMER/skinrestorer@2.7.0+1.21-neoforge/net.lionarius.skinrestorer.skin.provider.base.AbstractSkinProvider.fetchSkin(AbstractSkinProvider.java:49) ~[?:?]
	at TRANSFORMER/minecraft@1.21.1/net.minecraft.server.network.ServerLoginPacketListenerImpl.md84db14$skinrestorer$lambda$skinrestorer$fetchSkin$1$1(ServerLoginPacketListenerImpl.java:598) ~[?:?]
	at java.base/java.util.Optional.map(Optional.java:260) ~[?:?]
	at TRANSFORMER/minecraft@1.21.1/net.minecraft.server.network.ServerLoginPacketListenerImpl.skinrestorer$fetchSkin(ServerLoginPacketListenerImpl.java:598) ~[?:?]
	at TRANSFORMER/minecraft@1.21.1/net.minecraft.server.network.ServerLoginPacketListenerImpl.md84db14$skinrestorer$lambda$waitForSkin$0$2(ServerLoginPacketListenerImpl.java:582) ~[?:?]
	at java.base/java.util.concurrent.CompletableFuture$AsyncSupply.run(CompletableFuture.java:1768) [?:?]
	at java.base/java.util.concurrent.CompletableFuture$AsyncSupply.exec(CompletableFuture.java:1760) [?:?]
	at java.base/java.util.concurrent.ForkJoinTask.doExec(ForkJoinTask.java:387) [?:?]
	at java.base/java.util.concurrent.ForkJoinPool$WorkQueue.topLevelExec(ForkJoinPool.java:1312) [?:?]
	at java.base/java.util.concurrent.ForkJoinPool.scan(ForkJoinPool.java:1843) [?:?]
	at java.base/java.util.concurrent.ForkJoinPool.runWorker(ForkJoinPool.java:1808) [?:?]
	at java.base/java.util.concurrent.ForkJoinWorkerThread.run(ForkJoinWorkerThread.java:188) [?:?]
[22May2026 20:01:02.784] [Server thread/INFO] [net.minecraft.server.players.PlayerList/]: GOAT-10[/10.215.22.218:56838] logged in with entity id 656 at (-8.5, 68.0, -6.5)
[22May2026 20:01:02.785] [Server thread/INFO] [dev.ryanhcode.sable.Sable/]: Beginning attempted authentication with player GOAT-10
[22May2026 20:01:02.831] [Server thread/INFO] [net.minecraft.server.MinecraftServer/]: GOAT-10 joined the game
[22May2026 20:01:03.008] [Server thread/INFO] [artifacts.Artifacts/]: Sending item configs to client
[22May2026 20:01:04.006] [Netty Epoll Server IO #0/INFO] [dev.ryanhcode.sable.Sable/]: UDP authentication complete with /10.215.22.218:56838, UDP routing to /10.215.22.218:49293
[22May2026 20:01:04.203] [Server thread/INFO] [net.tysontheember.emberstextapi.welcome.PlayerJoinEventHandler/]: EmbersTextAPI info message sent to player: GOAT-10
[22May2026 20:01:13.633] [Server thread/INFO] [net.minecraft.server.players.PlayerList/]: ElFenix09[/10.215.22.169:54259] logged in with entity id 863 at (654.2810593916826, 96.5625, 829.0867992567296)
[22May2026 20:01:13.635] [Server thread/INFO] [dev.ryanhcode.sable.Sable/]: Beginning attempted authentication with player ElFenix09
[22May2026 20:01:13.684] [Server thread/INFO] [net.minecraft.server.MinecraftServer/]: ElFenix09 joined the game
[22May2026 20:01:13.845] [Server thread/INFO] [artifacts.Artifacts/]: Sending item configs to client
[22May2026 20:01:15.012] [MiniServServer/INFO] [net.montoyo.wd.utilities.Log/]: Client with UUID 6eeb5c32-6bf0-36ad-b33b-b688a36774b0 authenticated successfully
[22May2026 20:01:15.014] [MiniServServer/WARN] [net.montoyo.wd.utilities.Log/]: Could not create storage directory for user 6eeb5c32-6bf0-36ad-b33b-b688a36774b0, things may go wrong...
[22May2026 20:01:15.376] [Netty Epoll Server IO #0/INFO] [dev.ryanhcode.sable.Sable/]: UDP authentication complete with /10.215.22.169:54259, UDP routing to /10.215.22.169:51232
[22May2026 20:01:20.680] [MiniServServer/INFO] [net.montoyo.wd.utilities.Log/]: Client with UUID 5020cf2c-2544-3ff7-8f11-fae2ea6a0f67 authenticated successfully
[22May2026 20:01:20.681] [MiniServServer/WARN] [net.montoyo.wd.utilities.Log/]: Could not create storage directory for user 5020cf2c-2544-3ff7-8f11-fae2ea6a0f67, things may go wrong...
[22May2026 20:04:16.700] [Server thread/INFO] [dev.ryanhcode.sable.Sable/]: Saving sub-levels for level 'ServerLevel[world]'/minecraft:overworld
[22May2026 20:04:16.743] [Server thread/WARN] [net.montoyo.wd.utilities.Log/]: Could not save last minePad ID (0) to /wd_next.txt. I'm afraid this might break all minePads.
java.io.FileNotFoundException: /wd_next.txt (Permission denied)
	at java.base/java.io.FileOutputStream.open0(Native Method) ~[?:?]
	at java.base/java.io.FileOutputStream.open(FileOutputStream.java:289) ~[?:?]
	at java.base/java.io.FileOutputStream.<init>(FileOutputStream.java:230) ~[?:?]
	at java.base/java.io.FileOutputStream.<init>(FileOutputStream.java:179) ~[?:?]
	at java.base/java.io.FileWriter.<init>(FileWriter.java:98) ~[?:?]
	at TRANSFORMER/webdisplays@2.0.0/net.montoyo.wd.WebDisplays.onWorldSave(WebDisplays.java:242) ~[WebDisplays-REMASTER-2.0.0.jar%23352!/:2.0.0]
	at MC-BOOTSTRAP/net.neoforged.bus/net.neoforged.bus.EventBus.post(EventBus.java:360) ~[bus-8.0.5.jar%2360!/:?]
	at MC-BOOTSTRAP/net.neoforged.bus/net.neoforged.bus.EventBus.post(EventBus.java:328) ~[bus-8.0.5.jar%2360!/:?]
	at TRANSFORMER/minecraft@1.21.1/net.minecraft.server.level.ServerLevel.save(ServerLevel.java:825) ~[server-1.21.1-20240808.144430-srg.jar%23233!/:?]
	at TRANSFORMER/minecraft@1.21.1/net.minecraft.server.MinecraftServer.saveAllChunks(MinecraftServer.java:551) ~[server-1.21.1-20240808.144430-srg.jar%23233!/:?]
	at TRANSFORMER/minecraft@1.21.1/net.minecraft.server.MinecraftServer.saveEverything(MinecraftServer.java:576) ~[server-1.21.1-20240808.144430-srg.jar%23233!/:?]
	at TRANSFORMER/minecraft@1.21.1/net.minecraft.server.MinecraftServer.tickServer(MinecraftServer.java:929) ~[server-1.21.1-20240808.144430-srg.jar%23233!/:?]
	at TRANSFORMER/minecraft@1.21.1/net.minecraft.server.MinecraftServer.runServer(MinecraftServer.java:707) ~[server-1.21.1-20240808.144430-srg.jar%23233!/:?]
	at TRANSFORMER/minecraft@1.21.1/net.minecraft.server.MinecraftServer.lambda$spin$2(MinecraftServer.java:267) ~[server-1.21.1-20240808.144430-srg.jar%23233!/:?]
	at java.base/java.lang.Thread.run(Thread.java:1583) [?:?]
[22May2026 20:04:16.745] [Server thread/INFO] [dev.ryanhcode.sable.Sable/]: Saving sub-levels for level 'ServerLevel[world]'/minecraft:the_nether
[22May2026 20:04:16.745] [Server thread/INFO] [dev.ryanhcode.sable.Sable/]: Saving sub-levels for level 'ServerLevel[world]'/aether:the_aether
[22May2026 20:04:16.746] [Server thread/INFO] [dev.ryanhcode.sable.Sable/]: Saving sub-levels for level 'ServerLevel[world]'/createteleporters:pocket_dimension
[22May2026 20:04:16.746] [Server thread/INFO] [dev.ryanhcode.sable.Sable/]: Saving sub-levels for level 'ServerLevel[world]'/minecraft:the_end
[22May2026 20:09:16.696] [Server thread/INFO] [dev.ryanhcode.sable.Sable/]: Saving sub-levels for level 'ServerLevel[world]'/minecraft:overworld
[22May2026 20:09:16.723] [Server thread/WARN] [net.montoyo.wd.utilities.Log/]: Could not save last minePad ID (0) to /wd_next.txt. I'm afraid this might break all minePads.
java.io.FileNotFoundException: /wd_next.txt (Permission denied)
	at java.base/java.io.FileOutputStream.open0(Native Method) ~[?:?]
	at java.base/java.io.FileOutputStream.open(FileOutputStream.java:289) ~[?:?]
	at java.base/java.io.FileOutputStream.<init>(FileOutputStream.java:230) ~[?:?]
	at java.base/java.io.FileOutputStream.<init>(FileOutputStream.java:179) ~[?:?]
	at java.base/java.io.FileWriter.<init>(FileWriter.java:98) ~[?:?]
	at TRANSFORMER/webdisplays@2.0.0/net.montoyo.wd.WebDisplays.onWorldSave(WebDisplays.java:242) ~[WebDisplays-REMASTER-2.0.0.jar%23352!/:2.0.0]
	at MC-BOOTSTRAP/net.neoforged.bus/net.neoforged.bus.EventBus.post(EventBus.java:360) ~[bus-8.0.5.jar%2360!/:?]
	at MC-BOOTSTRAP/net.neoforged.bus/net.neoforged.bus.EventBus.post(EventBus.java:328) ~[bus-8.0.5.jar%2360!/:?]
	at TRANSFORMER/minecraft@1.21.1/net.minecraft.server.level.ServerLevel.save(ServerLevel.java:825) ~[server-1.21.1-20240808.144430-srg.jar%23233!/:?]
	at TRANSFORMER/minecraft@1.21.1/net.minecraft.server.MinecraftServer.saveAllChunks(MinecraftServer.java:551) ~[server-1.21.1-20240808.144430-srg.jar%23233!/:?]
	at TRANSFORMER/minecraft@1.21.1/net.minecraft.server.MinecraftServer.saveEverything(MinecraftServer.java:576) ~[server-1.21.1-20240808.144430-srg.jar%23233!/:?]
	at TRANSFORMER/minecraft@1.21.1/net.minecraft.server.MinecraftServer.tickServer(MinecraftServer.java:929) ~[server-1.21.1-20240808.144430-srg.jar%23233!/:?]
	at TRANSFORMER/minecraft@1.21.1/net.minecraft.server.MinecraftServer.runServer(MinecraftServer.java:707) ~[server-1.21.1-20240808.144430-srg.jar%23233!/:?]
	at TRANSFORMER/minecraft@1.21.1/net.minecraft.server.MinecraftServer.lambda$spin$2(MinecraftServer.java:267) ~[server-1.21.1-20240808.144430-srg.jar%23233!/:?]
	at java.base/java.lang.Thread.run(Thread.java:1583) [?:?]
[22May2026 20:09:16.731] [Server thread/INFO] [dev.ryanhcode.sable.Sable/]: Saving sub-levels for level 'ServerLevel[world]'/minecraft:the_nether
[22May2026 20:09:16.731] [Server thread/INFO] [dev.ryanhcode.sable.Sable/]: Saving sub-levels for level 'ServerLevel[world]'/aether:the_aether
[22May2026 20:09:16.731] [Server thread/INFO] [dev.ryanhcode.sable.Sable/]: Saving sub-levels for level 'ServerLevel[world]'/createteleporters:pocket_dimension
[22May2026 20:09:16.731] [Server thread/INFO] [dev.ryanhcode.sable.Sable/]: Saving sub-levels for level 'ServerLevel[world]'/minecraft:the_end
[22May2026 20:11:51.083] [Server thread/WARN] [tombstone/]: The death event of the player GOAT-10 was canceled by another mod
[22May2026 20:11:51.133] [Server thread/INFO] [tombstone/]: The player GOAT-10 has successfully been saved
[22May2026 20:11:57.531] [Server thread/INFO] [net.minecraft.server.MinecraftServer/]: GOAT-10 was shot by Mutant Skeleton
[22May2026 20:12:01.692] [Server thread/INFO] [net.minecraft.server.network.ServerGamePacketListenerImpl/]: GOAT-10 lost connection: Disconnected
[22May2026 20:12:01.692] [Server thread/INFO] [net.minecraft.server.MinecraftServer/]: GOAT-10 left the game
[22May2026 20:12:09.044] [ForkJoinPool.commonPool-worker-5/WARN] [SkinRestorer/]: Failed to fetch skin 'mojang:GOAT-10'
java.lang.IllegalStateException: not found
	at TRANSFORMER/skinrestorer@2.7.0+1.21-neoforge/net.lionarius.skinrestorer.util.WebUtils.throwOnClientErrors(WebUtils.java:104) ~[?:?]
	at TRANSFORMER/skinrestorer@2.7.0+1.21-neoforge/net.lionarius.skinrestorer.skin.provider.base.YggdrasilSkinProvider.getProfile(YggdrasilSkinProvider.java:52) ~[?:?]
	at TRANSFORMER/skinrestorer@2.7.0+1.21-neoforge/net.lionarius.skinrestorer.skin.provider.builtin.MojangSkinProvider.lambda$new$0(MojangSkinProvider.java:44) ~[?:?]
	at TRANSFORMER/minecraft@1.21.1/net.minecraft.server.players.GameProfileCache.lookupGameProfile(GameProfileCache.java:95) ~[?:?]
	at TRANSFORMER/minecraft@1.21.1/net.minecraft.server.players.GameProfileCache.get(GameProfileCache.java:150) ~[?:?]
	at TRANSFORMER/skinrestorer@2.7.0+1.21-neoforge/net.lionarius.skinrestorer.skin.provider.builtin.MojangSkinProvider.resolveUuid(MojangSkinProvider.java:75) ~[?:?]
	at TRANSFORMER/skinrestorer@2.7.0+1.21-neoforge/net.lionarius.skinrestorer.skin.provider.base.ProfileSkinProvider.getCacheKey(ProfileSkinProvider.java:63) ~[?:?]
	at TRANSFORMER/skinrestorer@2.7.0+1.21-neoforge/net.lionarius.skinrestorer.skin.provider.base.ProfileSkinProvider.getCacheKey(ProfileSkinProvider.java:19) ~[?:?]
	at TRANSFORMER/skinrestorer@2.7.0+1.21-neoforge/net.lionarius.skinrestorer.skin.provider.base.AbstractSkinProvider.fetchSkin(AbstractSkinProvider.java:49) ~[?:?]
	at TRANSFORMER/minecraft@1.21.1/net.minecraft.server.network.ServerLoginPacketListenerImpl.md84db14$skinrestorer$lambda$skinrestorer$fetchSkin$1$1(ServerLoginPacketListenerImpl.java:598) ~[?:?]
	at java.base/java.util.Optional.map(Optional.java:260) ~[?:?]
	at TRANSFORMER/minecraft@1.21.1/net.minecraft.server.network.ServerLoginPacketListenerImpl.skinrestorer$fetchSkin(ServerLoginPacketListenerImpl.java:598) ~[?:?]
	at TRANSFORMER/minecraft@1.21.1/net.minecraft.server.network.ServerLoginPacketListenerImpl.md84db14$skinrestorer$lambda$waitForSkin$0$2(ServerLoginPacketListenerImpl.java:582) ~[?:?]
	at java.base/java.util.concurrent.CompletableFuture$AsyncSupply.run(CompletableFuture.java:1768) [?:?]
	at java.base/java.util.concurrent.CompletableFuture$AsyncSupply.exec(CompletableFuture.java:1760) [?:?]
	at java.base/java.util.concurrent.ForkJoinTask.doExec(ForkJoinTask.java:387) [?:?]
	at java.base/java.util.concurrent.ForkJoinPool$WorkQueue.topLevelExec(ForkJoinPool.java:1312) [?:?]
	at java.base/java.util.concurrent.ForkJoinPool.scan(ForkJoinPool.java:1843) [?:?]
	at java.base/java.util.concurrent.ForkJoinPool.runWorker(ForkJoinPool.java:1808) [?:?]
	at java.base/java.util.concurrent.ForkJoinWorkerThread.run(ForkJoinWorkerThread.java:188) [?:?]
[22May2026 20:12:16.845] [Server thread/INFO] [net.minecraft.server.players.PlayerList/]: GOAT-10[/10.215.22.218:53792] logged in with entity id 4187 at (-5.5, 75.0, -0.5)
[22May2026 20:12:16.847] [Server thread/INFO] [dev.ryanhcode.sable.Sable/]: Beginning attempted authentication with player GOAT-10
[22May2026 20:12:16.855] [Server thread/INFO] [net.minecraft.server.MinecraftServer/]: GOAT-10 joined the game
[22May2026 20:12:16.930] [Server thread/INFO] [artifacts.Artifacts/]: Sending item configs to client
[22May2026 20:12:17.064] [Netty Epoll Server IO #0/INFO] [dev.ryanhcode.sable.Sable/]: UDP authentication complete with /10.215.22.218:53792, UDP routing to /10.215.22.218:54497
[22May2026 20:12:18.037] [Server thread/INFO] [net.tysontheember.emberstextapi.welcome.PlayerJoinEventHandler/]: EmbersTextAPI info message sent to player: GOAT-10
[22May2026 20:12:22.201] [MiniServServer/INFO] [net.montoyo.wd.utilities.Log/]: Client with UUID 6eeb5c32-6bf0-36ad-b33b-b688a36774b0 authenticated successfully
[22May2026 20:12:22.201] [MiniServServer/WARN] [net.montoyo.wd.utilities.Log/]: Could not create storage directory for user 6eeb5c32-6bf0-36ad-b33b-b688a36774b0, things may go wrong...
[22May2026 20:14:16.673] [Server thread/INFO] [dev.ryanhcode.sable.Sable/]: Saving sub-levels for level 'ServerLevel[world]'/minecraft:overworld
[22May2026 20:14:16.695] [Server thread/WARN] [net.montoyo.wd.utilities.Log/]: Could not save last minePad ID (0) to /wd_next.txt. I'm afraid this might break all minePads.
java.io.FileNotFoundException: /wd_next.txt (Permission denied)
	at java.base/java.io.FileOutputStream.open0(Native Method) ~[?:?]
	at java.base/java.io.FileOutputStream.open(FileOutputStream.java:289) ~[?:?]
	at java.base/java.io.FileOutputStream.<init>(FileOutputStream.java:230) ~[?:?]
	at java.base/java.io.FileOutputStream.<init>(FileOutputStream.java:179) ~[?:?]
	at java.base/java.io.FileWriter.<init>(FileWriter.java:98) ~[?:?]
	at TRANSFORMER/webdisplays@2.0.0/net.montoyo.wd.WebDisplays.onWorldSave(WebDisplays.java:242) ~[WebDisplays-REMASTER-2.0.0.jar%23352!/:2.0.0]
	at MC-BOOTSTRAP/net.neoforged.bus/net.neoforged.bus.EventBus.post(EventBus.java:360) ~[bus-8.0.5.jar%2360!/:?]
	at MC-BOOTSTRAP/net.neoforged.bus/net.neoforged.bus.EventBus.post(EventBus.java:328) ~[bus-8.0.5.jar%2360!/:?]
	at TRANSFORMER/minecraft@1.21.1/net.minecraft.server.level.ServerLevel.save(ServerLevel.java:825) ~[server-1.21.1-20240808.144430-srg.jar%23233!/:?]
	at TRANSFORMER/minecraft@1.21.1/net.minecraft.server.MinecraftServer.saveAllChunks(MinecraftServer.java:551) ~[server-1.21.1-20240808.144430-srg.jar%23233!/:?]
	at TRANSFORMER/minecraft@1.21.1/net.minecraft.server.MinecraftServer.saveEverything(MinecraftServer.java:576) ~[server-1.21.1-20240808.144430-srg.jar%23233!/:?]
	at TRANSFORMER/minecraft@1.21.1/net.minecraft.server.MinecraftServer.tickServer(MinecraftServer.java:929) ~[server-1.21.1-20240808.144430-srg.jar%23233!/:?]
	at TRANSFORMER/minecraft@1.21.1/net.minecraft.server.MinecraftServer.runServer(MinecraftServer.java:707) ~[server-1.21.1-20240808.144430-srg.jar%23233!/:?]
	at TRANSFORMER/minecraft@1.21.1/net.minecraft.server.MinecraftServer.lambda$spin$2(MinecraftServer.java:267) ~[server-1.21.1-20240808.144430-srg.jar%23233!/:?]
	at java.base/java.lang.Thread.run(Thread.java:1583) [?:?]
[22May2026 20:14:16.696] [Server thread/INFO] [dev.ryanhcode.sable.Sable/]: Saving sub-levels for level 'ServerLevel[world]'/minecraft:the_nether
[22May2026 20:14:16.697] [Server thread/INFO] [dev.ryanhcode.sable.Sable/]: Saving sub-levels for level 'ServerLevel[world]'/aether:the_aether
[22May2026 20:14:16.697] [Server thread/INFO] [dev.ryanhcode.sable.Sable/]: Saving sub-levels for level 'ServerLevel[world]'/createteleporters:pocket_dimension
[22May2026 20:14:16.698] [Server thread/INFO] [dev.ryanhcode.sable.Sable/]: Saving sub-levels for level 'ServerLevel[world]'/minecraft:the_end
[22May2026 20:16:00.428] [Server thread/WARN] [tombstone/]: The death event of the player GOAT-10 was canceled by another mod
[22May2026 20:16:00.439] [Server thread/INFO] [tombstone/]: The player GOAT-10 has successfully been saved
[22May2026 20:16:06.532] [Server thread/INFO] [net.minecraft.server.MinecraftServer/]: GOAT-10 burned to death
[22May2026 20:16:20.224] [Server thread/INFO] [net.minecraft.server.network.ServerGamePacketListenerImpl/]: GOAT-10 lost connection: Disconnected
[22May2026 20:16:20.224] [Server thread/INFO] [net.minecraft.server.MinecraftServer/]: GOAT-10 left the game
[22May2026 20:16:27.559] [ForkJoinPool.commonPool-worker-7/WARN] [SkinRestorer/]: Failed to fetch skin 'mojang:GOAT-10'
java.lang.IllegalStateException: not found
	at TRANSFORMER/skinrestorer@2.7.0+1.21-neoforge/net.lionarius.skinrestorer.util.WebUtils.throwOnClientErrors(WebUtils.java:104) ~[?:?]
	at TRANSFORMER/skinrestorer@2.7.0+1.21-neoforge/net.lionarius.skinrestorer.skin.provider.base.YggdrasilSkinProvider.getProfile(YggdrasilSkinProvider.java:52) ~[?:?]
	at TRANSFORMER/skinrestorer@2.7.0+1.21-neoforge/net.lionarius.skinrestorer.skin.provider.builtin.MojangSkinProvider.lambda$new$0(MojangSkinProvider.java:44) ~[?:?]
	at TRANSFORMER/minecraft@1.21.1/net.minecraft.server.players.GameProfileCache.lookupGameProfile(GameProfileCache.java:95) ~[?:?]
	at TRANSFORMER/minecraft@1.21.1/net.minecraft.server.players.GameProfileCache.get(GameProfileCache.java:150) ~[?:?]
	at TRANSFORMER/skinrestorer@2.7.0+1.21-neoforge/net.lionarius.skinrestorer.skin.provider.builtin.MojangSkinProvider.resolveUuid(MojangSkinProvider.java:75) ~[?:?]
	at TRANSFORMER/skinrestorer@2.7.0+1.21-neoforge/net.lionarius.skinrestorer.skin.provider.base.ProfileSkinProvider.getCacheKey(ProfileSkinProvider.java:63) ~[?:?]
	at TRANSFORMER/skinrestorer@2.7.0+1.21-neoforge/net.lionarius.skinrestorer.skin.provider.base.ProfileSkinProvider.getCacheKey(ProfileSkinProvider.java:19) ~[?:?]
	at TRANSFORMER/skinrestorer@2.7.0+1.21-neoforge/net.lionarius.skinrestorer.skin.provider.base.AbstractSkinProvider.fetchSkin(AbstractSkinProvider.java:49) ~[?:?]
	at TRANSFORMER/minecraft@1.21.1/net.minecraft.server.network.ServerLoginPacketListenerImpl.md84db14$skinrestorer$lambda$skinrestorer$fetchSkin$1$1(ServerLoginPacketListenerImpl.java:598) ~[?:?]
	at java.base/java.util.Optional.map(Optional.java:260) ~[?:?]
	at TRANSFORMER/minecraft@1.21.1/net.minecraft.server.network.ServerLoginPacketListenerImpl.skinrestorer$fetchSkin(ServerLoginPacketListenerImpl.java:598) ~[?:?]
	at TRANSFORMER/minecraft@1.21.1/net.minecraft.server.network.ServerLoginPacketListenerImpl.md84db14$skinrestorer$lambda$waitForSkin$0$2(ServerLoginPacketListenerImpl.java:582) ~[?:?]
	at java.base/java.util.concurrent.CompletableFuture$AsyncSupply.run(CompletableFuture.java:1768) [?:?]
	at java.base/java.util.concurrent.CompletableFuture$AsyncSupply.exec(CompletableFuture.java:1760) [?:?]
	at java.base/java.util.concurrent.ForkJoinTask.doExec(ForkJoinTask.java:387) [?:?]
	at java.base/java.util.concurrent.ForkJoinPool$WorkQueue.topLevelExec(ForkJoinPool.java:1312) [?:?]
	at java.base/java.util.concurrent.ForkJoinPool.scan(ForkJoinPool.java:1843) [?:?]
	at java.base/java.util.concurrent.ForkJoinPool.runWorker(ForkJoinPool.java:1808) [?:?]
	at java.base/java.util.concurrent.ForkJoinWorkerThread.run(ForkJoinWorkerThread.java:188) [?:?]
[22May2026 20:16:35.148] [Server thread/INFO] [net.minecraft.server.players.PlayerList/]: GOAT-10[/10.215.22.218:53876] logged in with entity id 7210 at (656.5, 63.0, 903.5)
[22May2026 20:16:35.149] [Server thread/INFO] [dev.ryanhcode.sable.Sable/]: Beginning attempted authentication with player GOAT-10
[22May2026 20:16:35.154] [Server thread/INFO] [net.minecraft.server.MinecraftServer/]: GOAT-10 joined the game
[22May2026 20:16:35.237] [Server thread/INFO] [artifacts.Artifacts/]: Sending item configs to client
[22May2026 20:16:35.504] [Netty Epoll Server IO #0/INFO] [dev.ryanhcode.sable.Sable/]: UDP authentication complete with /10.215.22.218:53876, UDP routing to /10.215.22.218:53907
[22May2026 20:16:36.279] [Server thread/INFO] [net.tysontheember.emberstextapi.welcome.PlayerJoinEventHandler/]: EmbersTextAPI info message sent to player: GOAT-10
[22May2026 20:16:40.450] [MiniServServer/INFO] [net.montoyo.wd.utilities.Log/]: Client with UUID 6eeb5c32-6bf0-36ad-b33b-b688a36774b0 authenticated successfully
[22May2026 20:16:40.451] [MiniServServer/WARN] [net.montoyo.wd.utilities.Log/]: Could not create storage directory for user 6eeb5c32-6bf0-36ad-b33b-b688a36774b0, things may go wrong...
[22May2026 20:16:51.219] [MiniServServer/WARN] [net.montoyo.wd.utilities.Log/]: Could not read data from client
java.net.SocketException: Connection reset
	at java.base/sun.nio.ch.SocketChannelImpl.throwConnectionReset(SocketChannelImpl.java:401) ~[?:?]
	at java.base/sun.nio.ch.SocketChannelImpl.read(SocketChannelImpl.java:434) ~[?:?]
	at TRANSFORMER/webdisplays@2.0.0/net.montoyo.wd.miniserv.server.Server.loopUnsafe(Server.java:176) ~[WebDisplays-REMASTER-2.0.0.jar%23352!/:2.0.0]
	at TRANSFORMER/webdisplays@2.0.0/net.montoyo.wd.miniserv.server.Server.run(Server.java:117) ~[WebDisplays-REMASTER-2.0.0.jar%23352!/:2.0.0]
	at java.base/java.lang.Thread.run(Thread.java:1583) [?:?]
[22May2026 20:16:51.227] [Netty Epoll Server IO #1/ERROR] [net.minecraft.network.Connection/]: Exception caught in connection
io.netty.channel.unix.Errors$NativeIoException: recvAddress(..) failed: Connection reset by peer
[22May2026 20:16:51.274] [Server thread/INFO] [net.minecraft.server.network.ServerGamePacketListenerImpl/]: GOAT-10 lost connection: Disconnected
[22May2026 20:16:51.275] [Server thread/INFO] [net.minecraft.server.MinecraftServer/]: GOAT-10 left the game
[22May2026 20:18:35.884] [ForkJoinPool.commonPool-worker-9/WARN] [SkinRestorer/]: Failed to fetch skin 'mojang:GOAT-10'
java.lang.IllegalStateException: not found
	at TRANSFORMER/skinrestorer@2.7.0+1.21-neoforge/net.lionarius.skinrestorer.util.WebUtils.throwOnClientErrors(WebUtils.java:104) ~[?:?]
	at TRANSFORMER/skinrestorer@2.7.0+1.21-neoforge/net.lionarius.skinrestorer.skin.provider.base.YggdrasilSkinProvider.getProfile(YggdrasilSkinProvider.java:52) ~[?:?]
	at TRANSFORMER/skinrestorer@2.7.0+1.21-neoforge/net.lionarius.skinrestorer.skin.provider.builtin.MojangSkinProvider.lambda$new$0(MojangSkinProvider.java:44) ~[?:?]
	at TRANSFORMER/minecraft@1.21.1/net.minecraft.server.players.GameProfileCache.lookupGameProfile(GameProfileCache.java:95) ~[?:?]
	at TRANSFORMER/minecraft@1.21.1/net.minecraft.server.players.GameProfileCache.get(GameProfileCache.java:150) ~[?:?]
	at TRANSFORMER/skinrestorer@2.7.0+1.21-neoforge/net.lionarius.skinrestorer.skin.provider.builtin.MojangSkinProvider.resolveUuid(MojangSkinProvider.java:75) ~[?:?]
	at TRANSFORMER/skinrestorer@2.7.0+1.21-neoforge/net.lionarius.skinrestorer.skin.provider.base.ProfileSkinProvider.getCacheKey(ProfileSkinProvider.java:63) ~[?:?]
	at TRANSFORMER/skinrestorer@2.7.0+1.21-neoforge/net.lionarius.skinrestorer.skin.provider.base.ProfileSkinProvider.getCacheKey(ProfileSkinProvider.java:19) ~[?:?]
	at TRANSFORMER/skinrestorer@2.7.0+1.21-neoforge/net.lionarius.skinrestorer.skin.provider.base.AbstractSkinProvider.fetchSkin(AbstractSkinProvider.java:49) ~[?:?]
	at TRANSFORMER/minecraft@1.21.1/net.minecraft.server.network.ServerLoginPacketListenerImpl.md84db14$skinrestorer$lambda$skinrestorer$fetchSkin$1$1(ServerLoginPacketListenerImpl.java:598) ~[?:?]
	at java.base/java.util.Optional.map(Optional.java:260) ~[?:?]
	at TRANSFORMER/minecraft@1.21.1/net.minecraft.server.network.ServerLoginPacketListenerImpl.skinrestorer$fetchSkin(ServerLoginPacketListenerImpl.java:598) ~[?:?]
	at TRANSFORMER/minecraft@1.21.1/net.minecraft.server.network.ServerLoginPacketListenerImpl.md84db14$skinrestorer$lambda$waitForSkin$0$2(ServerLoginPacketListenerImpl.java:582) ~[?:?]
	at java.base/java.util.concurrent.CompletableFuture$AsyncSupply.run(CompletableFuture.java:1768) [?:?]
	at java.base/java.util.concurrent.CompletableFuture$AsyncSupply.exec(CompletableFuture.java:1760) [?:?]
	at java.base/java.util.concurrent.ForkJoinTask.doExec(ForkJoinTask.java:387) [?:?]
	at java.base/java.util.concurrent.ForkJoinPool$WorkQueue.topLevelExec(ForkJoinPool.java:1312) [?:?]
	at java.base/java.util.concurrent.ForkJoinPool.scan(ForkJoinPool.java:1843) [?:?]
	at java.base/java.util.concurrent.ForkJoinPool.runWorker(ForkJoinPool.java:1808) [?:?]
	at java.base/java.util.concurrent.ForkJoinWorkerThread.run(ForkJoinWorkerThread.java:188) [?:?]
[22May2026 20:18:43.487] [Server thread/INFO] [net.minecraft.server.players.PlayerList/]: GOAT-10[/10.215.22.218:63050] logged in with entity id 7551 at (656.5, 63.0, 903.5)
[22May2026 20:18:43.487] [Server thread/INFO] [dev.ryanhcode.sable.Sable/]: Beginning attempted authentication with player GOAT-10
[22May2026 20:18:43.494] [Server thread/INFO] [net.minecraft.server.MinecraftServer/]: GOAT-10 joined the game
[22May2026 20:18:43.560] [Server thread/INFO] [artifacts.Artifacts/]: Sending item configs to client
[22May2026 20:18:44.747] [Netty Epoll Server IO #0/INFO] [dev.ryanhcode.sable.Sable/]: UDP authentication complete with /10.215.22.218:63050, UDP routing to /10.215.22.218:61667
[22May2026 20:18:53.309] [MiniServServer/INFO] [net.montoyo.wd.utilities.Log/]: Client with UUID 6eeb5c32-6bf0-36ad-b33b-b688a36774b0 authenticated successfully
[22May2026 20:18:53.309] [MiniServServer/WARN] [net.montoyo.wd.utilities.Log/]: Could not create storage directory for user 6eeb5c32-6bf0-36ad-b33b-b688a36774b0, things may go wrong...
[22May2026 20:19:16.649] [Server thread/INFO] [dev.ryanhcode.sable.Sable/]: Saving sub-levels for level 'ServerLevel[world]'/minecraft:overworld
[22May2026 20:19:16.668] [Server thread/WARN] [net.montoyo.wd.utilities.Log/]: Could not save last minePad ID (0) to /wd_next.txt. I'm afraid this might break all minePads.
java.io.FileNotFoundException: /wd_next.txt (Permission denied)
	at java.base/java.io.FileOutputStream.open0(Native Method) ~[?:?]
	at java.base/java.io.FileOutputStream.open(FileOutputStream.java:289) ~[?:?]
	at java.base/java.io.FileOutputStream.<init>(FileOutputStream.java:230) ~[?:?]
	at java.base/java.io.FileOutputStream.<init>(FileOutputStream.java:179) ~[?:?]
	at java.base/java.io.FileWriter.<init>(FileWriter.java:98) ~[?:?]
	at TRANSFORMER/webdisplays@2.0.0/net.montoyo.wd.WebDisplays.onWorldSave(WebDisplays.java:242) ~[WebDisplays-REMASTER-2.0.0.jar%23352!/:2.0.0]
	at MC-BOOTSTRAP/net.neoforged.bus/net.neoforged.bus.EventBus.post(EventBus.java:360) ~[bus-8.0.5.jar%2360!/:?]
	at MC-BOOTSTRAP/net.neoforged.bus/net.neoforged.bus.EventBus.post(EventBus.java:328) ~[bus-8.0.5.jar%2360!/:?]
	at TRANSFORMER/minecraft@1.21.1/net.minecraft.server.level.ServerLevel.save(ServerLevel.java:825) ~[server-1.21.1-20240808.144430-srg.jar%23233!/:?]
	at TRANSFORMER/minecraft@1.21.1/net.minecraft.server.MinecraftServer.saveAllChunks(MinecraftServer.java:551) ~[server-1.21.1-20240808.144430-srg.jar%23233!/:?]
	at TRANSFORMER/minecraft@1.21.1/net.minecraft.server.MinecraftServer.saveEverything(MinecraftServer.java:576) ~[server-1.21.1-20240808.144430-srg.jar%23233!/:?]
	at TRANSFORMER/minecraft@1.21.1/net.minecraft.server.MinecraftServer.tickServer(MinecraftServer.java:929) ~[server-1.21.1-20240808.144430-srg.jar%23233!/:?]
	at TRANSFORMER/minecraft@1.21.1/net.minecraft.server.MinecraftServer.runServer(MinecraftServer.java:707) ~[server-1.21.1-20240808.144430-srg.jar%23233!/:?]
	at TRANSFORMER/minecraft@1.21.1/net.minecraft.server.MinecraftServer.lambda$spin$2(MinecraftServer.java:267) ~[server-1.21.1-20240808.144430-srg.jar%23233!/:?]
	at java.base/java.lang.Thread.run(Thread.java:1583) [?:?]
[22May2026 20:19:16.669] [Server thread/INFO] [dev.ryanhcode.sable.Sable/]: Saving sub-levels for level 'ServerLevel[world]'/minecraft:the_nether
[22May2026 20:19:16.669] [Server thread/INFO] [dev.ryanhcode.sable.Sable/]: Saving sub-levels for level 'ServerLevel[world]'/aether:the_aether
[22May2026 20:19:16.670] [Server thread/INFO] [dev.ryanhcode.sable.Sable/]: Saving sub-levels for level 'ServerLevel[world]'/createteleporters:pocket_dimension
[22May2026 20:19:16.670] [Server thread/INFO] [dev.ryanhcode.sable.Sable/]: Saving sub-levels for level 'ServerLevel[world]'/minecraft:the_end
[22May2026 20:19:48.798] [Server thread/INFO] [net.minecraft.server.MinecraftServer/]: ElFenix09 has made the advancement [Applied Kinematics]
[22May2026 20:24:16.654] [Server thread/INFO] [dev.ryanhcode.sable.Sable/]: Saving sub-levels for level 'ServerLevel[world]'/minecraft:overworld
[22May2026 20:24:16.701] [Server thread/WARN] [net.montoyo.wd.utilities.Log/]: Could not save last minePad ID (0) to /wd_next.txt. I'm afraid this might break all minePads.
java.io.FileNotFoundException: /wd_next.txt (Permission denied)
	at java.base/java.io.FileOutputStream.open0(Native Method) ~[?:?]
	at java.base/java.io.FileOutputStream.open(FileOutputStream.java:289) ~[?:?]
	at java.base/java.io.FileOutputStream.<init>(FileOutputStream.java:230) ~[?:?]
	at java.base/java.io.FileOutputStream.<init>(FileOutputStream.java:179) ~[?:?]
	at java.base/java.io.FileWriter.<init>(FileWriter.java:98) ~[?:?]
	at TRANSFORMER/webdisplays@2.0.0/net.montoyo.wd.WebDisplays.onWorldSave(WebDisplays.java:242) ~[WebDisplays-REMASTER-2.0.0.jar%23352!/:2.0.0]
	at MC-BOOTSTRAP/net.neoforged.bus/net.neoforged.bus.EventBus.post(EventBus.java:360) ~[bus-8.0.5.jar%2360!/:?]
	at MC-BOOTSTRAP/net.neoforged.bus/net.neoforged.bus.EventBus.post(EventBus.java:328) ~[bus-8.0.5.jar%2360!/:?]
	at TRANSFORMER/minecraft@1.21.1/net.minecraft.server.level.ServerLevel.save(ServerLevel.java:825) ~[server-1.21.1-20240808.144430-srg.jar%23233!/:?]
	at TRANSFORMER/minecraft@1.21.1/net.minecraft.server.MinecraftServer.saveAllChunks(MinecraftServer.java:551) ~[server-1.21.1-20240808.144430-srg.jar%23233!/:?]
	at TRANSFORMER/minecraft@1.21.1/net.minecraft.server.MinecraftServer.saveEverything(MinecraftServer.java:576) ~[server-1.21.1-20240808.144430-srg.jar%23233!/:?]
	at TRANSFORMER/minecraft@1.21.1/net.minecraft.server.MinecraftServer.tickServer(MinecraftServer.java:929) ~[server-1.21.1-20240808.144430-srg.jar%23233!/:?]
	at TRANSFORMER/minecraft@1.21.1/net.minecraft.server.MinecraftServer.runServer(MinecraftServer.java:707) ~[server-1.21.1-20240808.144430-srg.jar%23233!/:?]
	at TRANSFORMER/minecraft@1.21.1/net.minecraft.server.MinecraftServer.lambda$spin$2(MinecraftServer.java:267) ~[server-1.21.1-20240808.144430-srg.jar%23233!/:?]
	at java.base/java.lang.Thread.run(Thread.java:1583) [?:?]
[22May2026 20:24:16.702] [Server thread/INFO] [dev.ryanhcode.sable.Sable/]: Saving sub-levels for level 'ServerLevel[world]'/minecraft:the_nether
[22May2026 20:24:16.702] [Server thread/INFO] [dev.ryanhcode.sable.Sable/]: Saving sub-levels for level 'ServerLevel[world]'/aether:the_aether
[22May2026 20:24:16.703] [Server thread/INFO] [dev.ryanhcode.sable.Sable/]: Saving sub-levels for level 'ServerLevel[world]'/createteleporters:pocket_dimension
[22May2026 20:24:16.703] [Server thread/INFO] [dev.ryanhcode.sable.Sable/]: Saving sub-levels for level 'ServerLevel[world]'/minecraft:the_end
[22May2026 20:29:16.673] [Server thread/INFO] [dev.ryanhcode.sable.Sable/]: Saving sub-levels for level 'ServerLevel[world]'/minecraft:overworld
[22May2026 20:29:16.697] [Server thread/WARN] [net.montoyo.wd.utilities.Log/]: Could not save last minePad ID (0) to /wd_next.txt. I'm afraid this might break all minePads.
java.io.FileNotFoundException: /wd_next.txt (Permission denied)
	at java.base/java.io.FileOutputStream.open0(Native Method) ~[?:?]
	at java.base/java.io.FileOutputStream.open(FileOutputStream.java:289) ~[?:?]
	at java.base/java.io.FileOutputStream.<init>(FileOutputStream.java:230) ~[?:?]
	at java.base/java.io.FileOutputStream.<init>(FileOutputStream.java:179) ~[?:?]
	at java.base/java.io.FileWriter.<init>(FileWriter.java:98) ~[?:?]
	at TRANSFORMER/webdisplays@2.0.0/net.montoyo.wd.WebDisplays.onWorldSave(WebDisplays.java:242) ~[WebDisplays-REMASTER-2.0.0.jar%23352!/:2.0.0]
	at MC-BOOTSTRAP/net.neoforged.bus/net.neoforged.bus.EventBus.post(EventBus.java:360) ~[bus-8.0.5.jar%2360!/:?]
	at MC-BOOTSTRAP/net.neoforged.bus/net.neoforged.bus.EventBus.post(EventBus.java:328) ~[bus-8.0.5.jar%2360!/:?]
	at TRANSFORMER/minecraft@1.21.1/net.minecraft.server.level.ServerLevel.save(ServerLevel.java:825) ~[server-1.21.1-20240808.144430-srg.jar%23233!/:?]
	at TRANSFORMER/minecraft@1.21.1/net.minecraft.server.MinecraftServer.saveAllChunks(MinecraftServer.java:551) ~[server-1.21.1-20240808.144430-srg.jar%23233!/:?]
	at TRANSFORMER/minecraft@1.21.1/net.minecraft.server.MinecraftServer.saveEverything(MinecraftServer.java:576) ~[server-1.21.1-20240808.144430-srg.jar%23233!/:?]
	at TRANSFORMER/minecraft@1.21.1/net.minecraft.server.MinecraftServer.tickServer(MinecraftServer.java:929) ~[server-1.21.1-20240808.144430-srg.jar%23233!/:?]
	at TRANSFORMER/minecraft@1.21.1/net.minecraft.server.MinecraftServer.runServer(MinecraftServer.java:707) ~[server-1.21.1-20240808.144430-srg.jar%23233!/:?]
	at TRANSFORMER/minecraft@1.21.1/net.minecraft.server.MinecraftServer.lambda$spin$2(MinecraftServer.java:267) ~[server-1.21.1-20240808.144430-srg.jar%23233!/:?]
	at java.base/java.lang.Thread.run(Thread.java:1583) [?:?]
[22May2026 20:29:16.698] [Server thread/INFO] [dev.ryanhcode.sable.Sable/]: Saving sub-levels for level 'ServerLevel[world]'/minecraft:the_nether
[22May2026 20:29:16.698] [Server thread/INFO] [dev.ryanhcode.sable.Sable/]: Saving sub-levels for level 'ServerLevel[world]'/aether:the_aether
[22May2026 20:29:16.699] [Server thread/INFO] [dev.ryanhcode.sable.Sable/]: Saving sub-levels for level 'ServerLevel[world]'/createteleporters:pocket_dimension
[22May2026 20:29:16.699] [Server thread/INFO] [dev.ryanhcode.sable.Sable/]: Saving sub-levels for level 'ServerLevel[world]'/minecraft:the_end
[22May2026 20:34:16.677] [Server thread/INFO] [dev.ryanhcode.sable.Sable/]: Saving sub-levels for level 'ServerLevel[world]'/minecraft:overworld
[22May2026 20:34:16.704] [Server thread/WARN] [net.montoyo.wd.utilities.Log/]: Could not save last minePad ID (0) to /wd_next.txt. I'm afraid this might break all minePads.
java.io.FileNotFoundException: /wd_next.txt (Permission denied)
	at java.base/java.io.FileOutputStream.open0(Native Method) ~[?:?]
	at java.base/java.io.FileOutputStream.open(FileOutputStream.java:289) ~[?:?]
	at java.base/java.io.FileOutputStream.<init>(FileOutputStream.java:230) ~[?:?]
	at java.base/java.io.FileOutputStream.<init>(FileOutputStream.java:179) ~[?:?]
	at java.base/java.io.FileWriter.<init>(FileWriter.java:98) ~[?:?]
	at TRANSFORMER/webdisplays@2.0.0/net.montoyo.wd.WebDisplays.onWorldSave(WebDisplays.java:242) ~[WebDisplays-REMASTER-2.0.0.jar%23352!/:2.0.0]
	at MC-BOOTSTRAP/net.neoforged.bus/net.neoforged.bus.EventBus.post(EventBus.java:360) ~[bus-8.0.5.jar%2360!/:?]
	at MC-BOOTSTRAP/net.neoforged.bus/net.neoforged.bus.EventBus.post(EventBus.java:328) ~[bus-8.0.5.jar%2360!/:?]
	at TRANSFORMER/minecraft@1.21.1/net.minecraft.server.level.ServerLevel.save(ServerLevel.java:825) ~[server-1.21.1-20240808.144430-srg.jar%23233!/:?]
	at TRANSFORMER/minecraft@1.21.1/net.minecraft.server.MinecraftServer.saveAllChunks(MinecraftServer.java:551) ~[server-1.21.1-20240808.144430-srg.jar%23233!/:?]
	at TRANSFORMER/minecraft@1.21.1/net.minecraft.server.MinecraftServer.saveEverything(MinecraftServer.java:576) ~[server-1.21.1-20240808.144430-srg.jar%23233!/:?]
	at TRANSFORMER/minecraft@1.21.1/net.minecraft.server.MinecraftServer.tickServer(MinecraftServer.java:929) ~[server-1.21.1-20240808.144430-srg.jar%23233!/:?]
	at TRANSFORMER/minecraft@1.21.1/net.minecraft.server.MinecraftServer.runServer(MinecraftServer.java:707) ~[server-1.21.1-20240808.144430-srg.jar%23233!/:?]
	at TRANSFORMER/minecraft@1.21.1/net.minecraft.server.MinecraftServer.lambda$spin$2(MinecraftServer.java:267) ~[server-1.21.1-20240808.144430-srg.jar%23233!/:?]
	at java.base/java.lang.Thread.run(Thread.java:1583) [?:?]
[22May2026 20:34:16.705] [Server thread/INFO] [dev.ryanhcode.sable.Sable/]: Saving sub-levels for level 'ServerLevel[world]'/minecraft:the_nether
[22May2026 20:34:16.705] [Server thread/INFO] [dev.ryanhcode.sable.Sable/]: Saving sub-levels for level 'ServerLevel[world]'/aether:the_aether
[22May2026 20:34:16.706] [Server thread/INFO] [dev.ryanhcode.sable.Sable/]: Saving sub-levels for level 'ServerLevel[world]'/createteleporters:pocket_dimension
[22May2026 20:34:16.706] [Server thread/INFO] [dev.ryanhcode.sable.Sable/]: Saving sub-levels for level 'ServerLevel[world]'/minecraft:the_end
[22May2026 20:39:16.660] [Server thread/INFO] [dev.ryanhcode.sable.Sable/]: Saving sub-levels for level 'ServerLevel[world]'/minecraft:overworld
[22May2026 20:39:16.692] [Server thread/WARN] [net.montoyo.wd.utilities.Log/]: Could not save last minePad ID (0) to /wd_next.txt. I'm afraid this might break all minePads.
java.io.FileNotFoundException: /wd_next.txt (Permission denied)
	at java.base/java.io.FileOutputStream.open0(Native Method) ~[?:?]
	at java.base/java.io.FileOutputStream.open(FileOutputStream.java:289) ~[?:?]
	at java.base/java.io.FileOutputStream.<init>(FileOutputStream.java:230) ~[?:?]
	at java.base/java.io.FileOutputStream.<init>(FileOutputStream.java:179) ~[?:?]
	at java.base/java.io.FileWriter.<init>(FileWriter.java:98) ~[?:?]
	at TRANSFORMER/webdisplays@2.0.0/net.montoyo.wd.WebDisplays.onWorldSave(WebDisplays.java:242) ~[WebDisplays-REMASTER-2.0.0.jar%23352!/:2.0.0]
	at MC-BOOTSTRAP/net.neoforged.bus/net.neoforged.bus.EventBus.post(EventBus.java:360) ~[bus-8.0.5.jar%2360!/:?]
	at MC-BOOTSTRAP/net.neoforged.bus/net.neoforged.bus.EventBus.post(EventBus.java:328) ~[bus-8.0.5.jar%2360!/:?]
	at TRANSFORMER/minecraft@1.21.1/net.minecraft.server.level.ServerLevel.save(ServerLevel.java:825) ~[server-1.21.1-20240808.144430-srg.jar%23233!/:?]
	at TRANSFORMER/minecraft@1.21.1/net.minecraft.server.MinecraftServer.saveAllChunks(MinecraftServer.java:551) ~[server-1.21.1-20240808.144430-srg.jar%23233!/:?]
	at TRANSFORMER/minecraft@1.21.1/net.minecraft.server.MinecraftServer.saveEverything(MinecraftServer.java:576) ~[server-1.21.1-20240808.144430-srg.jar%23233!/:?]
	at TRANSFORMER/minecraft@1.21.1/net.minecraft.server.MinecraftServer.tickServer(MinecraftServer.java:929) ~[server-1.21.1-20240808.144430-srg.jar%23233!/:?]
	at TRANSFORMER/minecraft@1.21.1/net.minecraft.server.MinecraftServer.runServer(MinecraftServer.java:707) ~[server-1.21.1-20240808.144430-srg.jar%23233!/:?]
	at TRANSFORMER/minecraft@1.21.1/net.minecraft.server.MinecraftServer.lambda$spin$2(MinecraftServer.java:267) ~[server-1.21.1-20240808.144430-srg.jar%23233!/:?]
	at java.base/java.lang.Thread.run(Thread.java:1583) [?:?]
[22May2026 20:39:16.694] [Server thread/INFO] [dev.ryanhcode.sable.Sable/]: Saving sub-levels for level 'ServerLevel[world]'/minecraft:the_nether
[22May2026 20:39:16.694] [Server thread/INFO] [dev.ryanhcode.sable.Sable/]: Saving sub-levels for level 'ServerLevel[world]'/aether:the_aether
[22May2026 20:39:16.694] [Server thread/INFO] [dev.ryanhcode.sable.Sable/]: Saving sub-levels for level 'ServerLevel[world]'/createteleporters:pocket_dimension
[22May2026 20:39:16.694] [Server thread/INFO] [dev.ryanhcode.sable.Sable/]: Saving sub-levels for level 'ServerLevel[world]'/minecraft:the_end
[22May2026 20:39:56.184] [Server thread/WARN] [tombstone/]: The death event of the player GOAT-10 was canceled by another mod
[22May2026 20:39:56.243] [Server thread/INFO] [tombstone/]: The player GOAT-10 has successfully been saved
[22May2026 20:39:59.183] [Server thread/INFO] [net.minecraft.server.MinecraftServer/]: GOAT-10 tried to swim in lava
[22May2026 20:39:59.205] [Server thread/INFO] [tombstone/]: The player GOAT-10 has successfully been saved
[22May2026 20:40:05.036] [Server thread/INFO] [net.minecraft.server.network.ServerGamePacketListenerImpl/]: GOAT-10 lost connection: Disconnected
[22May2026 20:40:05.037] [Server thread/INFO] [net.minecraft.server.MinecraftServer/]: GOAT-10 left the game
[22May2026 20:40:12.483] [ForkJoinPool.commonPool-worker-11/WARN] [SkinRestorer/]: Failed to fetch skin 'mojang:GOAT-10'
java.lang.IllegalStateException: not found
	at TRANSFORMER/skinrestorer@2.7.0+1.21-neoforge/net.lionarius.skinrestorer.util.WebUtils.throwOnClientErrors(WebUtils.java:104) ~[?:?]
	at TRANSFORMER/skinrestorer@2.7.0+1.21-neoforge/net.lionarius.skinrestorer.skin.provider.base.YggdrasilSkinProvider.getProfile(YggdrasilSkinProvider.java:52) ~[?:?]
	at TRANSFORMER/skinrestorer@2.7.0+1.21-neoforge/net.lionarius.skinrestorer.skin.provider.builtin.MojangSkinProvider.lambda$new$0(MojangSkinProvider.java:44) ~[?:?]
	at TRANSFORMER/minecraft@1.21.1/net.minecraft.server.players.GameProfileCache.lookupGameProfile(GameProfileCache.java:95) ~[?:?]
	at TRANSFORMER/minecraft@1.21.1/net.minecraft.server.players.GameProfileCache.get(GameProfileCache.java:150) ~[?:?]
	at TRANSFORMER/skinrestorer@2.7.0+1.21-neoforge/net.lionarius.skinrestorer.skin.provider.builtin.MojangSkinProvider.resolveUuid(MojangSkinProvider.java:75) ~[?:?]
	at TRANSFORMER/skinrestorer@2.7.0+1.21-neoforge/net.lionarius.skinrestorer.skin.provider.base.ProfileSkinProvider.getCacheKey(ProfileSkinProvider.java:63) ~[?:?]
	at TRANSFORMER/skinrestorer@2.7.0+1.21-neoforge/net.lionarius.skinrestorer.skin.provider.base.ProfileSkinProvider.getCacheKey(ProfileSkinProvider.java:19) ~[?:?]
	at TRANSFORMER/skinrestorer@2.7.0+1.21-neoforge/net.lionarius.skinrestorer.skin.provider.base.AbstractSkinProvider.fetchSkin(AbstractSkinProvider.java:49) ~[?:?]
	at TRANSFORMER/minecraft@1.21.1/net.minecraft.server.network.ServerLoginPacketListenerImpl.md84db14$skinrestorer$lambda$skinrestorer$fetchSkin$1$1(ServerLoginPacketListenerImpl.java:598) ~[?:?]
	at java.base/java.util.Optional.map(Optional.java:260) ~[?:?]
	at TRANSFORMER/minecraft@1.21.1/net.minecraft.server.network.ServerLoginPacketListenerImpl.skinrestorer$fetchSkin(ServerLoginPacketListenerImpl.java:598) ~[?:?]
	at TRANSFORMER/minecraft@1.21.1/net.minecraft.server.network.ServerLoginPacketListenerImpl.md84db14$skinrestorer$lambda$waitForSkin$0$2(ServerLoginPacketListenerImpl.java:582) ~[?:?]
	at java.base/java.util.concurrent.CompletableFuture$AsyncSupply.run(CompletableFuture.java:1768) [?:?]
	at java.base/java.util.concurrent.CompletableFuture$AsyncSupply.exec(CompletableFuture.java:1760) [?:?]
	at java.base/java.util.concurrent.ForkJoinTask.doExec(ForkJoinTask.java:387) [?:?]
	at java.base/java.util.concurrent.ForkJoinPool$WorkQueue.topLevelExec(ForkJoinPool.java:1312) [?:?]
	at java.base/java.util.concurrent.ForkJoinPool.scan(ForkJoinPool.java:1843) [?:?]
	at java.base/java.util.concurrent.ForkJoinPool.runWorker(ForkJoinPool.java:1808) [?:?]
	at java.base/java.util.concurrent.ForkJoinWorkerThread.run(ForkJoinWorkerThread.java:188) [?:?]
[22May2026 20:40:21.893] [Server thread/INFO] [net.minecraft.server.players.PlayerList/]: GOAT-10[/10.215.22.218:55632] logged in with entity id 14212 at (573.5, 132.0, 844.5)
[22May2026 20:40:21.894] [Server thread/INFO] [dev.ryanhcode.sable.Sable/]: Beginning attempted authentication with player GOAT-10
[22May2026 20:40:21.900] [Server thread/INFO] [net.minecraft.server.MinecraftServer/]: GOAT-10 joined the game
[22May2026 20:40:21.948] [Server thread/INFO] [artifacts.Artifacts/]: Sending item configs to client
[22May2026 20:40:22.994] [Server thread/INFO] [net.tysontheember.emberstextapi.welcome.PlayerJoinEventHandler/]: EmbersTextAPI info message sent to player: GOAT-10
[22May2026 20:40:29.128] [Server thread/INFO] [net.minecraft.server.network.ServerGamePacketListenerImpl/]: GOAT-10 lost connection: Disconnected
[22May2026 20:40:29.129] [Server thread/INFO] [net.minecraft.server.MinecraftServer/]: GOAT-10 left the game
[22May2026 20:42:18.196] [ForkJoinPool.commonPool-worker-12/WARN] [SkinRestorer/]: Failed to fetch skin 'mojang:GOAT-10'
java.lang.IllegalStateException: not found
	at TRANSFORMER/skinrestorer@2.7.0+1.21-neoforge/net.lionarius.skinrestorer.util.WebUtils.throwOnClientErrors(WebUtils.java:104) ~[?:?]
	at TRANSFORMER/skinrestorer@2.7.0+1.21-neoforge/net.lionarius.skinrestorer.skin.provider.base.YggdrasilSkinProvider.getProfile(YggdrasilSkinProvider.java:52) ~[?:?]
	at TRANSFORMER/skinrestorer@2.7.0+1.21-neoforge/net.lionarius.skinrestorer.skin.provider.builtin.MojangSkinProvider.lambda$new$0(MojangSkinProvider.java:44) ~[?:?]
	at TRANSFORMER/minecraft@1.21.1/net.minecraft.server.players.GameProfileCache.lookupGameProfile(GameProfileCache.java:95) ~[?:?]
	at TRANSFORMER/minecraft@1.21.1/net.minecraft.server.players.GameProfileCache.get(GameProfileCache.java:150) ~[?:?]
	at TRANSFORMER/skinrestorer@2.7.0+1.21-neoforge/net.lionarius.skinrestorer.skin.provider.builtin.MojangSkinProvider.resolveUuid(MojangSkinProvider.java:75) ~[?:?]
	at TRANSFORMER/skinrestorer@2.7.0+1.21-neoforge/net.lionarius.skinrestorer.skin.provider.base.ProfileSkinProvider.getCacheKey(ProfileSkinProvider.java:63) ~[?:?]
	at TRANSFORMER/skinrestorer@2.7.0+1.21-neoforge/net.lionarius.skinrestorer.skin.provider.base.ProfileSkinProvider.getCacheKey(ProfileSkinProvider.java:19) ~[?:?]
	at TRANSFORMER/skinrestorer@2.7.0+1.21-neoforge/net.lionarius.skinrestorer.skin.provider.base.AbstractSkinProvider.fetchSkin(AbstractSkinProvider.java:49) ~[?:?]
	at TRANSFORMER/minecraft@1.21.1/net.minecraft.server.network.ServerLoginPacketListenerImpl.md84db14$skinrestorer$lambda$skinrestorer$fetchSkin$1$1(ServerLoginPacketListenerImpl.java:598) ~[?:?]
	at java.base/java.util.Optional.map(Optional.java:260) ~[?:?]
	at TRANSFORMER/minecraft@1.21.1/net.minecraft.server.network.ServerLoginPacketListenerImpl.skinrestorer$fetchSkin(ServerLoginPacketListenerImpl.java:598) ~[?:?]
	at TRANSFORMER/minecraft@1.21.1/net.minecraft.server.network.ServerLoginPacketListenerImpl.md84db14$skinrestorer$lambda$waitForSkin$0$2(ServerLoginPacketListenerImpl.java:582) ~[?:?]
	at java.base/java.util.concurrent.CompletableFuture$AsyncSupply.run(CompletableFuture.java:1768) [?:?]
	at java.base/java.util.concurrent.CompletableFuture$AsyncSupply.exec(CompletableFuture.java:1760) [?:?]
	at java.base/java.util.concurrent.ForkJoinTask.doExec(ForkJoinTask.java:387) [?:?]
	at java.base/java.util.concurrent.ForkJoinPool$WorkQueue.topLevelExec(ForkJoinPool.java:1312) [?:?]
	at java.base/java.util.concurrent.ForkJoinPool.scan(ForkJoinPool.java:1843) [?:?]
	at java.base/java.util.concurrent.ForkJoinPool.runWorker(ForkJoinPool.java:1808) [?:?]
	at java.base/java.util.concurrent.ForkJoinWorkerThread.run(ForkJoinWorkerThread.java:188) [?:?]
[22May2026 20:42:25.700] [Server thread/INFO] [net.minecraft.server.players.PlayerList/]: GOAT-10[/10.215.22.218:63002] logged in with entity id 14562 at (573.5, 132.0, 844.5)
[22May2026 20:42:25.701] [Server thread/INFO] [dev.ryanhcode.sable.Sable/]: Beginning attempted authentication with player GOAT-10
[22May2026 20:42:25.710] [Server thread/INFO] [net.minecraft.server.MinecraftServer/]: GOAT-10 joined the game
[22May2026 20:42:25.769] [Server thread/INFO] [artifacts.Artifacts/]: Sending item configs to client
[22May2026 20:42:28.125] [Netty Epoll Server IO #0/INFO] [dev.ryanhcode.sable.Sable/]: UDP authentication complete with /10.215.22.218:63002, UDP routing to /10.215.22.218:54272
[22May2026 20:42:35.970] [MiniServServer/INFO] [net.montoyo.wd.utilities.Log/]: Client with UUID 6eeb5c32-6bf0-36ad-b33b-b688a36774b0 authenticated successfully
[22May2026 20:42:35.970] [MiniServServer/WARN] [net.montoyo.wd.utilities.Log/]: Could not create storage directory for user 6eeb5c32-6bf0-36ad-b33b-b688a36774b0, things may go wrong...
[22May2026 20:43:05.426] [Server thread/WARN] [net.minecraft.world.level.storage.loot.LootTable/]: Tried to over-fill a container
[22May2026 20:44:16.667] [Server thread/INFO] [dev.ryanhcode.sable.Sable/]: Saving sub-levels for level 'ServerLevel[world]'/minecraft:overworld
[22May2026 20:44:16.692] [Server thread/WARN] [net.montoyo.wd.utilities.Log/]: Could not save last minePad ID (0) to /wd_next.txt. I'm afraid this might break all minePads.
java.io.FileNotFoundException: /wd_next.txt (Permission denied)
	at java.base/java.io.FileOutputStream.open0(Native Method) ~[?:?]
	at java.base/java.io.FileOutputStream.open(FileOutputStream.java:289) ~[?:?]
	at java.base/java.io.FileOutputStream.<init>(FileOutputStream.java:230) ~[?:?]
	at java.base/java.io.FileOutputStream.<init>(FileOutputStream.java:179) ~[?:?]
	at java.base/java.io.FileWriter.<init>(FileWriter.java:98) ~[?:?]
	at TRANSFORMER/webdisplays@2.0.0/net.montoyo.wd.WebDisplays.onWorldSave(WebDisplays.java:242) ~[WebDisplays-REMASTER-2.0.0.jar%23352!/:2.0.0]
	at MC-BOOTSTRAP/net.neoforged.bus/net.neoforged.bus.EventBus.post(EventBus.java:360) ~[bus-8.0.5.jar%2360!/:?]
	at MC-BOOTSTRAP/net.neoforged.bus/net.neoforged.bus.EventBus.post(EventBus.java:328) ~[bus-8.0.5.jar%2360!/:?]
	at TRANSFORMER/minecraft@1.21.1/net.minecraft.server.level.ServerLevel.save(ServerLevel.java:825) ~[server-1.21.1-20240808.144430-srg.jar%23233!/:?]
	at TRANSFORMER/minecraft@1.21.1/net.minecraft.server.MinecraftServer.saveAllChunks(MinecraftServer.java:551) ~[server-1.21.1-20240808.144430-srg.jar%23233!/:?]
	at TRANSFORMER/minecraft@1.21.1/net.minecraft.server.MinecraftServer.saveEverything(MinecraftServer.java:576) ~[server-1.21.1-20240808.144430-srg.jar%23233!/:?]
	at TRANSFORMER/minecraft@1.21.1/net.minecraft.server.MinecraftServer.tickServer(MinecraftServer.java:929) ~[server-1.21.1-20240808.144430-srg.jar%23233!/:?]
	at TRANSFORMER/minecraft@1.21.1/net.minecraft.server.MinecraftServer.runServer(MinecraftServer.java:707) ~[server-1.21.1-20240808.144430-srg.jar%23233!/:?]
	at TRANSFORMER/minecraft@1.21.1/net.minecraft.server.MinecraftServer.lambda$spin$2(MinecraftServer.java:267) ~[server-1.21.1-20240808.144430-srg.jar%23233!/:?]
	at java.base/java.lang.Thread.run(Thread.java:1583) [?:?]
[22May2026 20:44:16.695] [Server thread/INFO] [dev.ryanhcode.sable.Sable/]: Saving sub-levels for level 'ServerLevel[world]'/minecraft:the_nether
[22May2026 20:44:16.696] [Server thread/INFO] [dev.ryanhcode.sable.Sable/]: Saving sub-levels for level 'ServerLevel[world]'/aether:the_aether
[22May2026 20:44:16.696] [Server thread/INFO] [dev.ryanhcode.sable.Sable/]: Saving sub-levels for level 'ServerLevel[world]'/createteleporters:pocket_dimension
[22May2026 20:44:16.696] [Server thread/INFO] [dev.ryanhcode.sable.Sable/]: Saving sub-levels for level 'ServerLevel[world]'/minecraft:the_end
[22May2026 20:49:16.662] [Server thread/INFO] [dev.ryanhcode.sable.Sable/]: Saving sub-levels for level 'ServerLevel[world]'/minecraft:overworld
[22May2026 20:49:16.687] [Server thread/WARN] [net.montoyo.wd.utilities.Log/]: Could not save last minePad ID (0) to /wd_next.txt. I'm afraid this might break all minePads.
java.io.FileNotFoundException: /wd_next.txt (Permission denied)
	at java.base/java.io.FileOutputStream.open0(Native Method) ~[?:?]
	at java.base/java.io.FileOutputStream.open(FileOutputStream.java:289) ~[?:?]
	at java.base/java.io.FileOutputStream.<init>(FileOutputStream.java:230) ~[?:?]
	at java.base/java.io.FileOutputStream.<init>(FileOutputStream.java:179) ~[?:?]
	at java.base/java.io.FileWriter.<init>(FileWriter.java:98) ~[?:?]
	at TRANSFORMER/webdisplays@2.0.0/net.montoyo.wd.WebDisplays.onWorldSave(WebDisplays.java:242) ~[WebDisplays-REMASTER-2.0.0.jar%23352!/:2.0.0]
	at MC-BOOTSTRAP/net.neoforged.bus/net.neoforged.bus.EventBus.post(EventBus.java:360) ~[bus-8.0.5.jar%2360!/:?]
	at MC-BOOTSTRAP/net.neoforged.bus/net.neoforged.bus.EventBus.post(EventBus.java:328) ~[bus-8.0.5.jar%2360!/:?]
	at TRANSFORMER/minecraft@1.21.1/net.minecraft.server.level.ServerLevel.save(ServerLevel.java:825) ~[server-1.21.1-20240808.144430-srg.jar%23233!/:?]
	at TRANSFORMER/minecraft@1.21.1/net.minecraft.server.MinecraftServer.saveAllChunks(MinecraftServer.java:551) ~[server-1.21.1-20240808.144430-srg.jar%23233!/:?]
	at TRANSFORMER/minecraft@1.21.1/net.minecraft.server.MinecraftServer.saveEverything(MinecraftServer.java:576) ~[server-1.21.1-20240808.144430-srg.jar%23233!/:?]
	at TRANSFORMER/minecraft@1.21.1/net.minecraft.server.MinecraftServer.tickServer(MinecraftServer.java:929) ~[server-1.21.1-20240808.144430-srg.jar%23233!/:?]
	at TRANSFORMER/minecraft@1.21.1/net.minecraft.server.MinecraftServer.runServer(MinecraftServer.java:707) ~[server-1.21.1-20240808.144430-srg.jar%23233!/:?]
	at TRANSFORMER/minecraft@1.21.1/net.minecraft.server.MinecraftServer.lambda$spin$2(MinecraftServer.java:267) ~[server-1.21.1-20240808.144430-srg.jar%23233!/:?]
	at java.base/java.lang.Thread.run(Thread.java:1583) [?:?]
[22May2026 20:49:16.688] [Server thread/INFO] [dev.ryanhcode.sable.Sable/]: Saving sub-levels for level 'ServerLevel[world]'/minecraft:the_nether
[22May2026 20:49:16.689] [Server thread/INFO] [dev.ryanhcode.sable.Sable/]: Saving sub-levels for level 'ServerLevel[world]'/aether:the_aether
[22May2026 20:49:16.689] [Server thread/INFO] [dev.ryanhcode.sable.Sable/]: Saving sub-levels for level 'ServerLevel[world]'/createteleporters:pocket_dimension
[22May2026 20:49:16.691] [Server thread/INFO] [dev.ryanhcode.sable.Sable/]: Saving sub-levels for level 'ServerLevel[world]'/minecraft:the_end
[22May2026 20:52:30.037] [Server thread/WARN] [tombstone/]: The death event of the player GOAT-10 was canceled by another mod
[22May2026 20:52:30.042] [Server thread/INFO] [tombstone/]: The player GOAT-10 has successfully been saved
[22May2026 20:52:36.252] [Server thread/INFO] [net.minecraft.server.MinecraftServer/]: GOAT-10 burned to death
[22May2026 20:52:42.828] [Server thread/INFO] [net.minecraft.server.network.ServerGamePacketListenerImpl/]: GOAT-10 lost connection: Disconnected
[22May2026 20:52:42.829] [Server thread/INFO] [net.minecraft.server.MinecraftServer/]: GOAT-10 left the game
[22May2026 20:52:49.905] [MiniServServer/WARN] [net.montoyo.wd.utilities.Log/]: Could not read data from client
java.net.SocketException: Connection reset
	at java.base/sun.nio.ch.SocketChannelImpl.throwConnectionReset(SocketChannelImpl.java:401) ~[?:?]
	at java.base/sun.nio.ch.SocketChannelImpl.read(SocketChannelImpl.java:434) ~[?:?]
	at TRANSFORMER/webdisplays@2.0.0/net.montoyo.wd.miniserv.server.Server.loopUnsafe(Server.java:176) ~[WebDisplays-REMASTER-2.0.0.jar%23352!/:2.0.0]
	at TRANSFORMER/webdisplays@2.0.0/net.montoyo.wd.miniserv.server.Server.run(Server.java:117) ~[WebDisplays-REMASTER-2.0.0.jar%23352!/:2.0.0]
	at java.base/java.lang.Thread.run(Thread.java:1583) [?:?]
[22May2026 20:54:16.615] [Server thread/INFO] [dev.ryanhcode.sable.Sable/]: Saving sub-levels for level 'ServerLevel[world]'/minecraft:overworld
[22May2026 20:54:16.636] [Server thread/WARN] [net.montoyo.wd.utilities.Log/]: Could not save last minePad ID (0) to /wd_next.txt. I'm afraid this might break all minePads.
java.io.FileNotFoundException: /wd_next.txt (Permission denied)
	at java.base/java.io.FileOutputStream.open0(Native Method) ~[?:?]
	at java.base/java.io.FileOutputStream.open(FileOutputStream.java:289) ~[?:?]
	at java.base/java.io.FileOutputStream.<init>(FileOutputStream.java:230) ~[?:?]
	at java.base/java.io.FileOutputStream.<init>(FileOutputStream.java:179) ~[?:?]
	at java.base/java.io.FileWriter.<init>(FileWriter.java:98) ~[?:?]
	at TRANSFORMER/webdisplays@2.0.0/net.montoyo.wd.WebDisplays.onWorldSave(WebDisplays.java:242) ~[WebDisplays-REMASTER-2.0.0.jar%23352!/:2.0.0]
	at MC-BOOTSTRAP/net.neoforged.bus/net.neoforged.bus.EventBus.post(EventBus.java:360) ~[bus-8.0.5.jar%2360!/:?]
	at MC-BOOTSTRAP/net.neoforged.bus/net.neoforged.bus.EventBus.post(EventBus.java:328) ~[bus-8.0.5.jar%2360!/:?]
	at TRANSFORMER/minecraft@1.21.1/net.minecraft.server.level.ServerLevel.save(ServerLevel.java:825) ~[server-1.21.1-20240808.144430-srg.jar%23233!/:?]
	at TRANSFORMER/minecraft@1.21.1/net.minecraft.server.MinecraftServer.saveAllChunks(MinecraftServer.java:551) ~[server-1.21.1-20240808.144430-srg.jar%23233!/:?]
	at TRANSFORMER/minecraft@1.21.1/net.minecraft.server.MinecraftServer.saveEverything(MinecraftServer.java:576) ~[server-1.21.1-20240808.144430-srg.jar%23233!/:?]
	at TRANSFORMER/minecraft@1.21.1/net.minecraft.server.MinecraftServer.tickServer(MinecraftServer.java:929) ~[server-1.21.1-20240808.144430-srg.jar%23233!/:?]
	at TRANSFORMER/minecraft@1.21.1/net.minecraft.server.MinecraftServer.runServer(MinecraftServer.java:707) ~[server-1.21.1-20240808.144430-srg.jar%23233!/:?]
	at TRANSFORMER/minecraft@1.21.1/net.minecraft.server.MinecraftServer.lambda$spin$2(MinecraftServer.java:267) ~[server-1.21.1-20240808.144430-srg.jar%23233!/:?]
	at java.base/java.lang.Thread.run(Thread.java:1583) [?:?]
[22May2026 20:54:16.637] [Server thread/INFO] [dev.ryanhcode.sable.Sable/]: Saving sub-levels for level 'ServerLevel[world]'/minecraft:the_nether
[22May2026 20:54:16.637] [Server thread/INFO] [dev.ryanhcode.sable.Sable/]: Saving sub-levels for level 'ServerLevel[world]'/aether:the_aether
[22May2026 20:54:16.638] [Server thread/INFO] [dev.ryanhcode.sable.Sable/]: Saving sub-levels for level 'ServerLevel[world]'/createteleporters:pocket_dimension
[22May2026 20:54:16.638] [Server thread/INFO] [dev.ryanhcode.sable.Sable/]: Saving sub-levels for level 'ServerLevel[world]'/minecraft:the_end
[22May2026 20:54:46.569] [ForkJoinPool.commonPool-worker-14/WARN] [SkinRestorer/]: Failed to fetch skin 'mojang:GOAT-10'
java.lang.IllegalStateException: not found
	at TRANSFORMER/skinrestorer@2.7.0+1.21-neoforge/net.lionarius.skinrestorer.util.WebUtils.throwOnClientErrors(WebUtils.java:104) ~[?:?]
	at TRANSFORMER/skinrestorer@2.7.0+1.21-neoforge/net.lionarius.skinrestorer.skin.provider.base.YggdrasilSkinProvider.getProfile(YggdrasilSkinProvider.java:52) ~[?:?]
	at TRANSFORMER/skinrestorer@2.7.0+1.21-neoforge/net.lionarius.skinrestorer.skin.provider.builtin.MojangSkinProvider.lambda$new$0(MojangSkinProvider.java:44) ~[?:?]
	at TRANSFORMER/minecraft@1.21.1/net.minecraft.server.players.GameProfileCache.lookupGameProfile(GameProfileCache.java:95) ~[?:?]
	at TRANSFORMER/minecraft@1.21.1/net.minecraft.server.players.GameProfileCache.get(GameProfileCache.java:150) ~[?:?]
	at TRANSFORMER/skinrestorer@2.7.0+1.21-neoforge/net.lionarius.skinrestorer.skin.provider.builtin.MojangSkinProvider.resolveUuid(MojangSkinProvider.java:75) ~[?:?]
	at TRANSFORMER/skinrestorer@2.7.0+1.21-neoforge/net.lionarius.skinrestorer.skin.provider.base.ProfileSkinProvider.getCacheKey(ProfileSkinProvider.java:63) ~[?:?]
	at TRANSFORMER/skinrestorer@2.7.0+1.21-neoforge/net.lionarius.skinrestorer.skin.provider.base.ProfileSkinProvider.getCacheKey(ProfileSkinProvider.java:19) ~[?:?]
	at TRANSFORMER/skinrestorer@2.7.0+1.21-neoforge/net.lionarius.skinrestorer.skin.provider.base.AbstractSkinProvider.fetchSkin(AbstractSkinProvider.java:49) ~[?:?]
	at TRANSFORMER/minecraft@1.21.1/net.minecraft.server.network.ServerLoginPacketListenerImpl.md84db14$skinrestorer$lambda$skinrestorer$fetchSkin$1$1(ServerLoginPacketListenerImpl.java:598) ~[?:?]
	at java.base/java.util.Optional.map(Optional.java:260) ~[?:?]
	at TRANSFORMER/minecraft@1.21.1/net.minecraft.server.network.ServerLoginPacketListenerImpl.skinrestorer$fetchSkin(ServerLoginPacketListenerImpl.java:598) ~[?:?]
	at TRANSFORMER/minecraft@1.21.1/net.minecraft.server.network.ServerLoginPacketListenerImpl.md84db14$skinrestorer$lambda$waitForSkin$0$2(ServerLoginPacketListenerImpl.java:582) ~[?:?]
	at java.base/java.util.concurrent.CompletableFuture$AsyncSupply.run(CompletableFuture.java:1768) [?:?]
	at java.base/java.util.concurrent.CompletableFuture$AsyncSupply.exec(CompletableFuture.java:1760) [?:?]
	at java.base/java.util.concurrent.ForkJoinTask.doExec(ForkJoinTask.java:387) [?:?]
	at java.base/java.util.concurrent.ForkJoinPool$WorkQueue.topLevelExec(ForkJoinPool.java:1312) [?:?]
	at java.base/java.util.concurrent.ForkJoinPool.scan(ForkJoinPool.java:1843) [?:?]
	at java.base/java.util.concurrent.ForkJoinPool.runWorker(ForkJoinPool.java:1808) [?:?]
	at java.base/java.util.concurrent.ForkJoinWorkerThread.run(ForkJoinWorkerThread.java:188) [?:?]
[22May2026 20:54:54.828] [Server thread/INFO] [net.minecraft.server.players.PlayerList/]: GOAT-10[/10.215.22.218:64012] logged in with entity id 18211 at (573.5, 132.0, 844.5)
[22May2026 20:54:54.828] [Server thread/INFO] [dev.ryanhcode.sable.Sable/]: Beginning attempted authentication with player GOAT-10
[22May2026 20:54:54.834] [Server thread/INFO] [net.minecraft.server.MinecraftServer/]: GOAT-10 joined the game
[22May2026 20:54:54.891] [Server thread/INFO] [artifacts.Artifacts/]: Sending item configs to client
[22May2026 20:54:55.955] [Server thread/INFO] [net.tysontheember.emberstextapi.welcome.PlayerJoinEventHandler/]: EmbersTextAPI info message sent to player: GOAT-10
[22May2026 20:54:56.687] [Netty Epoll Server IO #0/INFO] [dev.ryanhcode.sable.Sable/]: UDP authentication complete with /10.215.22.218:64012, UDP routing to /10.215.22.218:62888
[22May2026 20:55:04.549] [MiniServServer/INFO] [net.montoyo.wd.utilities.Log/]: Client with UUID 6eeb5c32-6bf0-36ad-b33b-b688a36774b0 authenticated successfully
[22May2026 20:55:04.550] [MiniServServer/WARN] [net.montoyo.wd.utilities.Log/]: Could not create storage directory for user 6eeb5c32-6bf0-36ad-b33b-b688a36774b0, things may go wrong...
[22May2026 20:59:16.666] [Server thread/INFO] [dev.ryanhcode.sable.Sable/]: Saving sub-levels for level 'ServerLevel[world]'/minecraft:overworld
[22May2026 20:59:16.695] [Server thread/WARN] [net.montoyo.wd.utilities.Log/]: Could not save last minePad ID (0) to /wd_next.txt. I'm afraid this might break all minePads.
java.io.FileNotFoundException: /wd_next.txt (Permission denied)
	at java.base/java.io.FileOutputStream.open0(Native Method) ~[?:?]
	at java.base/java.io.FileOutputStream.open(FileOutputStream.java:289) ~[?:?]
	at java.base/java.io.FileOutputStream.<init>(FileOutputStream.java:230) ~[?:?]
	at java.base/java.io.FileOutputStream.<init>(FileOutputStream.java:179) ~[?:?]
	at java.base/java.io.FileWriter.<init>(FileWriter.java:98) ~[?:?]
	at TRANSFORMER/webdisplays@2.0.0/net.montoyo.wd.WebDisplays.onWorldSave(WebDisplays.java:242) ~[WebDisplays-REMASTER-2.0.0.jar%23352!/:2.0.0]
	at MC-BOOTSTRAP/net.neoforged.bus/net.neoforged.bus.EventBus.post(EventBus.java:360) ~[bus-8.0.5.jar%2360!/:?]
	at MC-BOOTSTRAP/net.neoforged.bus/net.neoforged.bus.EventBus.post(EventBus.java:328) ~[bus-8.0.5.jar%2360!/:?]
	at TRANSFORMER/minecraft@1.21.1/net.minecraft.server.level.ServerLevel.save(ServerLevel.java:825) ~[server-1.21.1-20240808.144430-srg.jar%23233!/:?]
	at TRANSFORMER/minecraft@1.21.1/net.minecraft.server.MinecraftServer.saveAllChunks(MinecraftServer.java:551) ~[server-1.21.1-20240808.144430-srg.jar%23233!/:?]
	at TRANSFORMER/minecraft@1.21.1/net.minecraft.server.MinecraftServer.saveEverything(MinecraftServer.java:576) ~[server-1.21.1-20240808.144430-srg.jar%23233!/:?]
	at TRANSFORMER/minecraft@1.21.1/net.minecraft.server.MinecraftServer.tickServer(MinecraftServer.java:929) ~[server-1.21.1-20240808.144430-srg.jar%23233!/:?]
	at TRANSFORMER/minecraft@1.21.1/net.minecraft.server.MinecraftServer.runServer(MinecraftServer.java:707) ~[server-1.21.1-20240808.144430-srg.jar%23233!/:?]
	at TRANSFORMER/minecraft@1.21.1/net.minecraft.server.MinecraftServer.lambda$spin$2(MinecraftServer.java:267) ~[server-1.21.1-20240808.144430-srg.jar%23233!/:?]
	at java.base/java.lang.Thread.run(Thread.java:1583) [?:?]
[22May2026 20:59:16.696] [Server thread/INFO] [dev.ryanhcode.sable.Sable/]: Saving sub-levels for level 'ServerLevel[world]'/minecraft:the_nether
[22May2026 20:59:16.696] [Server thread/INFO] [dev.ryanhcode.sable.Sable/]: Saving sub-levels for level 'ServerLevel[world]'/aether:the_aether
[22May2026 20:59:16.697] [Server thread/INFO] [dev.ryanhcode.sable.Sable/]: Saving sub-levels for level 'ServerLevel[world]'/createteleporters:pocket_dimension
[22May2026 20:59:16.697] [Server thread/INFO] [dev.ryanhcode.sable.Sable/]: Saving sub-levels for level 'ServerLevel[world]'/minecraft:the_end
[22May2026 21:04:16.658] [Server thread/INFO] [dev.ryanhcode.sable.Sable/]: Saving sub-levels for level 'ServerLevel[world]'/minecraft:overworld
[22May2026 21:04:16.682] [Server thread/WARN] [net.montoyo.wd.utilities.Log/]: Could not save last minePad ID (0) to /wd_next.txt. I'm afraid this might break all minePads.
java.io.FileNotFoundException: /wd_next.txt (Permission denied)
	at java.base/java.io.FileOutputStream.open0(Native Method) ~[?:?]
	at java.base/java.io.FileOutputStream.open(FileOutputStream.java:289) ~[?:?]
	at java.base/java.io.FileOutputStream.<init>(FileOutputStream.java:230) ~[?:?]
	at java.base/java.io.FileOutputStream.<init>(FileOutputStream.java:179) ~[?:?]
	at java.base/java.io.FileWriter.<init>(FileWriter.java:98) ~[?:?]
	at TRANSFORMER/webdisplays@2.0.0/net.montoyo.wd.WebDisplays.onWorldSave(WebDisplays.java:242) ~[WebDisplays-REMASTER-2.0.0.jar%23352!/:2.0.0]
	at MC-BOOTSTRAP/net.neoforged.bus/net.neoforged.bus.EventBus.post(EventBus.java:360) ~[bus-8.0.5.jar%2360!/:?]
	at MC-BOOTSTRAP/net.neoforged.bus/net.neoforged.bus.EventBus.post(EventBus.java:328) ~[bus-8.0.5.jar%2360!/:?]
	at TRANSFORMER/minecraft@1.21.1/net.minecraft.server.level.ServerLevel.save(ServerLevel.java:825) ~[server-1.21.1-20240808.144430-srg.jar%23233!/:?]
	at TRANSFORMER/minecraft@1.21.1/net.minecraft.server.MinecraftServer.saveAllChunks(MinecraftServer.java:551) ~[server-1.21.1-20240808.144430-srg.jar%23233!/:?]
	at TRANSFORMER/minecraft@1.21.1/net.minecraft.server.MinecraftServer.saveEverything(MinecraftServer.java:576) ~[server-1.21.1-20240808.144430-srg.jar%23233!/:?]
	at TRANSFORMER/minecraft@1.21.1/net.minecraft.server.MinecraftServer.tickServer(MinecraftServer.java:929) ~[server-1.21.1-20240808.144430-srg.jar%23233!/:?]
	at TRANSFORMER/minecraft@1.21.1/net.minecraft.server.MinecraftServer.runServer(MinecraftServer.java:707) ~[server-1.21.1-20240808.144430-srg.jar%23233!/:?]
	at TRANSFORMER/minecraft@1.21.1/net.minecraft.server.MinecraftServer.lambda$spin$2(MinecraftServer.java:267) ~[server-1.21.1-20240808.144430-srg.jar%23233!/:?]
	at java.base/java.lang.Thread.run(Thread.java:1583) [?:?]
[22May2026 21:04:16.684] [Server thread/INFO] [dev.ryanhcode.sable.Sable/]: Saving sub-levels for level 'ServerLevel[world]'/minecraft:the_nether
[22May2026 21:04:16.684] [Server thread/INFO] [dev.ryanhcode.sable.Sable/]: Saving sub-levels for level 'ServerLevel[world]'/aether:the_aether
[22May2026 21:04:16.685] [Server thread/INFO] [dev.ryanhcode.sable.Sable/]: Saving sub-levels for level 'ServerLevel[world]'/createteleporters:pocket_dimension
[22May2026 21:04:16.685] [Server thread/INFO] [dev.ryanhcode.sable.Sable/]: Saving sub-levels for level 'ServerLevel[world]'/minecraft:the_end
[22May2026 21:05:45.727] [Server thread/WARN] [tombstone/]: The death event of the player GOAT-10 was canceled by another mod
[22May2026 21:05:45.736] [Server thread/INFO] [tombstone/]: The player GOAT-10 has successfully been saved
[22May2026 21:05:52.031] [Server thread/INFO] [net.minecraft.server.MinecraftServer/]: GOAT-10 was slain by Skeleton
[22May2026 21:05:55.775] [Server thread/INFO] [net.minecraft.server.network.ServerGamePacketListenerImpl/]: GOAT-10 lost connection: Disconnected
[22May2026 21:05:55.775] [Server thread/INFO] [net.minecraft.server.MinecraftServer/]: GOAT-10 left the game
[22May2026 21:06:03.436] [ForkJoinPool.commonPool-worker-16/WARN] [SkinRestorer/]: Failed to fetch skin 'mojang:GOAT-10'
java.lang.IllegalStateException: not found
	at TRANSFORMER/skinrestorer@2.7.0+1.21-neoforge/net.lionarius.skinrestorer.util.WebUtils.throwOnClientErrors(WebUtils.java:104) ~[?:?]
	at TRANSFORMER/skinrestorer@2.7.0+1.21-neoforge/net.lionarius.skinrestorer.skin.provider.base.YggdrasilSkinProvider.getProfile(YggdrasilSkinProvider.java:52) ~[?:?]
	at TRANSFORMER/skinrestorer@2.7.0+1.21-neoforge/net.lionarius.skinrestorer.skin.provider.builtin.MojangSkinProvider.lambda$new$0(MojangSkinProvider.java:44) ~[?:?]
	at TRANSFORMER/minecraft@1.21.1/net.minecraft.server.players.GameProfileCache.lookupGameProfile(GameProfileCache.java:95) ~[?:?]
	at TRANSFORMER/minecraft@1.21.1/net.minecraft.server.players.GameProfileCache.get(GameProfileCache.java:150) ~[?:?]
	at TRANSFORMER/skinrestorer@2.7.0+1.21-neoforge/net.lionarius.skinrestorer.skin.provider.builtin.MojangSkinProvider.resolveUuid(MojangSkinProvider.java:75) ~[?:?]
	at TRANSFORMER/skinrestorer@2.7.0+1.21-neoforge/net.lionarius.skinrestorer.skin.provider.base.ProfileSkinProvider.getCacheKey(ProfileSkinProvider.java:63) ~[?:?]
	at TRANSFORMER/skinrestorer@2.7.0+1.21-neoforge/net.lionarius.skinrestorer.skin.provider.base.ProfileSkinProvider.getCacheKey(ProfileSkinProvider.java:19) ~[?:?]
	at TRANSFORMER/skinrestorer@2.7.0+1.21-neoforge/net.lionarius.skinrestorer.skin.provider.base.AbstractSkinProvider.fetchSkin(AbstractSkinProvider.java:49) ~[?:?]
	at TRANSFORMER/minecraft@1.21.1/net.minecraft.server.network.ServerLoginPacketListenerImpl.md84db14$skinrestorer$lambda$skinrestorer$fetchSkin$1$1(ServerLoginPacketListenerImpl.java:598) ~[?:?]
	at java.base/java.util.Optional.map(Optional.java:260) ~[?:?]
	at TRANSFORMER/minecraft@1.21.1/net.minecraft.server.network.ServerLoginPacketListenerImpl.skinrestorer$fetchSkin(ServerLoginPacketListenerImpl.java:598) ~[?:?]
	at TRANSFORMER/minecraft@1.21.1/net.minecraft.server.network.ServerLoginPacketListenerImpl.md84db14$skinrestorer$lambda$waitForSkin$0$2(ServerLoginPacketListenerImpl.java:582) ~[?:?]
	at java.base/java.util.concurrent.CompletableFuture$AsyncSupply.run(CompletableFuture.java:1768) [?:?]
	at java.base/java.util.concurrent.CompletableFuture$AsyncSupply.exec(CompletableFuture.java:1760) [?:?]
	at java.base/java.util.concurrent.ForkJoinTask.doExec(ForkJoinTask.java:387) [?:?]
	at java.base/java.util.concurrent.ForkJoinPool$WorkQueue.topLevelExec(ForkJoinPool.java:1312) [?:?]
	at java.base/java.util.concurrent.ForkJoinPool.scan(ForkJoinPool.java:1843) [?:?]
	at java.base/java.util.concurrent.ForkJoinPool.runWorker(ForkJoinPool.java:1808) [?:?]
	at java.base/java.util.concurrent.ForkJoinWorkerThread.run(ForkJoinWorkerThread.java:188) [?:?]
[22May2026 21:06:11.221] [Server thread/INFO] [net.minecraft.server.players.PlayerList/]: GOAT-10[/10.215.22.218:52280] logged in with entity id 21283 at (573.5, 132.0, 844.5)
[22May2026 21:06:11.222] [Server thread/INFO] [dev.ryanhcode.sable.Sable/]: Beginning attempted authentication with player GOAT-10
[22May2026 21:06:11.227] [Server thread/INFO] [net.minecraft.server.MinecraftServer/]: GOAT-10 joined the game
[22May2026 21:06:11.263] [Server thread/INFO] [artifacts.Artifacts/]: Sending item configs to client
[22May2026 21:06:12.316] [Server thread/INFO] [net.tysontheember.emberstextapi.welcome.PlayerJoinEventHandler/]: EmbersTextAPI info message sent to player: GOAT-10
[22May2026 21:06:19.076] [Server thread/INFO] [net.minecraft.server.network.ServerGamePacketListenerImpl/]: GOAT-10 lost connection: Disconnected
[22May2026 21:06:19.077] [Server thread/INFO] [net.minecraft.server.MinecraftServer/]: GOAT-10 left the game
[22May2026 21:07:58.963] [ForkJoinPool.commonPool-worker-17/WARN] [SkinRestorer/]: Failed to fetch skin 'mojang:GOAT-10'
java.lang.IllegalStateException: not found
	at TRANSFORMER/skinrestorer@2.7.0+1.21-neoforge/net.lionarius.skinrestorer.util.WebUtils.throwOnClientErrors(WebUtils.java:104) ~[?:?]
	at TRANSFORMER/skinrestorer@2.7.0+1.21-neoforge/net.lionarius.skinrestorer.skin.provider.base.YggdrasilSkinProvider.getProfile(YggdrasilSkinProvider.java:52) ~[?:?]
	at TRANSFORMER/skinrestorer@2.7.0+1.21-neoforge/net.lionarius.skinrestorer.skin.provider.builtin.MojangSkinProvider.lambda$new$0(MojangSkinProvider.java:44) ~[?:?]
	at TRANSFORMER/minecraft@1.21.1/net.minecraft.server.players.GameProfileCache.lookupGameProfile(GameProfileCache.java:95) ~[?:?]
	at TRANSFORMER/minecraft@1.21.1/net.minecraft.server.players.GameProfileCache.get(GameProfileCache.java:150) ~[?:?]
	at TRANSFORMER/skinrestorer@2.7.0+1.21-neoforge/net.lionarius.skinrestorer.skin.provider.builtin.MojangSkinProvider.resolveUuid(MojangSkinProvider.java:75) ~[?:?]
	at TRANSFORMER/skinrestorer@2.7.0+1.21-neoforge/net.lionarius.skinrestorer.skin.provider.base.ProfileSkinProvider.getCacheKey(ProfileSkinProvider.java:63) ~[?:?]
	at TRANSFORMER/skinrestorer@2.7.0+1.21-neoforge/net.lionarius.skinrestorer.skin.provider.base.ProfileSkinProvider.getCacheKey(ProfileSkinProvider.java:19) ~[?:?]
	at TRANSFORMER/skinrestorer@2.7.0+1.21-neoforge/net.lionarius.skinrestorer.skin.provider.base.AbstractSkinProvider.fetchSkin(AbstractSkinProvider.java:49) ~[?:?]
	at TRANSFORMER/minecraft@1.21.1/net.minecraft.server.network.ServerLoginPacketListenerImpl.md84db14$skinrestorer$lambda$skinrestorer$fetchSkin$1$1(ServerLoginPacketListenerImpl.java:598) ~[?:?]
	at java.base/java.util.Optional.map(Optional.java:260) ~[?:?]
	at TRANSFORMER/minecraft@1.21.1/net.minecraft.server.network.ServerLoginPacketListenerImpl.skinrestorer$fetchSkin(ServerLoginPacketListenerImpl.java:598) ~[?:?]
	at TRANSFORMER/minecraft@1.21.1/net.minecraft.server.network.ServerLoginPacketListenerImpl.md84db14$skinrestorer$lambda$waitForSkin$0$2(ServerLoginPacketListenerImpl.java:582) ~[?:?]
	at java.base/java.util.concurrent.CompletableFuture$AsyncSupply.run(CompletableFuture.java:1768) [?:?]
	at java.base/java.util.concurrent.CompletableFuture$AsyncSupply.exec(CompletableFuture.java:1760) [?:?]
	at java.base/java.util.concurrent.ForkJoinTask.doExec(ForkJoinTask.java:387) [?:?]
	at java.base/java.util.concurrent.ForkJoinPool$WorkQueue.topLevelExec(ForkJoinPool.java:1312) [?:?]
	at java.base/java.util.concurrent.ForkJoinPool.scan(ForkJoinPool.java:1843) [?:?]
	at java.base/java.util.concurrent.ForkJoinPool.runWorker(ForkJoinPool.java:1808) [?:?]
	at java.base/java.util.concurrent.ForkJoinWorkerThread.run(ForkJoinWorkerThread.java:188) [?:?]
[22May2026 21:08:07.088] [Server thread/INFO] [net.minecraft.server.players.PlayerList/]: GOAT-10[/10.215.22.218:56362] logged in with entity id 21652 at (573.5, 132.0, 844.5)
[22May2026 21:08:07.089] [Server thread/INFO] [dev.ryanhcode.sable.Sable/]: Beginning attempted authentication with player GOAT-10
[22May2026 21:08:07.095] [Server thread/INFO] [net.minecraft.server.MinecraftServer/]: GOAT-10 joined the game
[22May2026 21:08:07.127] [Server thread/INFO] [artifacts.Artifacts/]: Sending item configs to client
[22May2026 21:08:08.970] [Netty Epoll Server IO #0/INFO] [dev.ryanhcode.sable.Sable/]: UDP authentication complete with /10.215.22.218:56362, UDP routing to /10.215.22.218:55110
[22May2026 21:08:17.993] [MiniServServer/INFO] [net.montoyo.wd.utilities.Log/]: Client with UUID 6eeb5c32-6bf0-36ad-b33b-b688a36774b0 authenticated successfully
[22May2026 21:08:17.994] [MiniServServer/WARN] [net.montoyo.wd.utilities.Log/]: Could not create storage directory for user 6eeb5c32-6bf0-36ad-b33b-b688a36774b0, things may go wrong...
[22May2026 21:09:16.667] [Server thread/INFO] [dev.ryanhcode.sable.Sable/]: Saving sub-levels for level 'ServerLevel[world]'/minecraft:overworld
[22May2026 21:09:16.690] [Server thread/WARN] [net.montoyo.wd.utilities.Log/]: Could not save last minePad ID (0) to /wd_next.txt. I'm afraid this might break all minePads.
java.io.FileNotFoundException: /wd_next.txt (Permission denied)
	at java.base/java.io.FileOutputStream.open0(Native Method) ~[?:?]
	at java.base/java.io.FileOutputStream.open(FileOutputStream.java:289) ~[?:?]
	at java.base/java.io.FileOutputStream.<init>(FileOutputStream.java:230) ~[?:?]
	at java.base/java.io.FileOutputStream.<init>(FileOutputStream.java:179) ~[?:?]
	at java.base/java.io.FileWriter.<init>(FileWriter.java:98) ~[?:?]
	at TRANSFORMER/webdisplays@2.0.0/net.montoyo.wd.WebDisplays.onWorldSave(WebDisplays.java:242) ~[WebDisplays-REMASTER-2.0.0.jar%23352!/:2.0.0]
	at MC-BOOTSTRAP/net.neoforged.bus/net.neoforged.bus.EventBus.post(EventBus.java:360) ~[bus-8.0.5.jar%2360!/:?]
	at MC-BOOTSTRAP/net.neoforged.bus/net.neoforged.bus.EventBus.post(EventBus.java:328) ~[bus-8.0.5.jar%2360!/:?]
	at TRANSFORMER/minecraft@1.21.1/net.minecraft.server.level.ServerLevel.save(ServerLevel.java:825) ~[server-1.21.1-20240808.144430-srg.jar%23233!/:?]
	at TRANSFORMER/minecraft@1.21.1/net.minecraft.server.MinecraftServer.saveAllChunks(MinecraftServer.java:551) ~[server-1.21.1-20240808.144430-srg.jar%23233!/:?]
	at TRANSFORMER/minecraft@1.21.1/net.minecraft.server.MinecraftServer.saveEverything(MinecraftServer.java:576) ~[server-1.21.1-20240808.144430-srg.jar%23233!/:?]
	at TRANSFORMER/minecraft@1.21.1/net.minecraft.server.MinecraftServer.tickServer(MinecraftServer.java:929) ~[server-1.21.1-20240808.144430-srg.jar%23233!/:?]
	at TRANSFORMER/minecraft@1.21.1/net.minecraft.server.MinecraftServer.runServer(MinecraftServer.java:707) ~[server-1.21.1-20240808.144430-srg.jar%23233!/:?]
	at TRANSFORMER/minecraft@1.21.1/net.minecraft.server.MinecraftServer.lambda$spin$2(MinecraftServer.java:267) ~[server-1.21.1-20240808.144430-srg.jar%23233!/:?]
	at java.base/java.lang.Thread.run(Thread.java:1583) [?:?]
[22May2026 21:09:16.691] [Server thread/INFO] [dev.ryanhcode.sable.Sable/]: Saving sub-levels for level 'ServerLevel[world]'/minecraft:the_nether
[22May2026 21:09:16.691] [Server thread/INFO] [dev.ryanhcode.sable.Sable/]: Saving sub-levels for level 'ServerLevel[world]'/aether:the_aether
[22May2026 21:09:16.691] [Server thread/INFO] [dev.ryanhcode.sable.Sable/]: Saving sub-levels for level 'ServerLevel[world]'/createteleporters:pocket_dimension
[22May2026 21:09:16.691] [Server thread/INFO] [dev.ryanhcode.sable.Sable/]: Saving sub-levels for level 'ServerLevel[world]'/minecraft:the_end
[22May2026 21:14:16.666] [Server thread/INFO] [dev.ryanhcode.sable.Sable/]: Saving sub-levels for level 'ServerLevel[world]'/minecraft:overworld
[22May2026 21:14:16.688] [Server thread/WARN] [net.montoyo.wd.utilities.Log/]: Could not save last minePad ID (0) to /wd_next.txt. I'm afraid this might break all minePads.
java.io.FileNotFoundException: /wd_next.txt (Permission denied)
	at java.base/java.io.FileOutputStream.open0(Native Method) ~[?:?]
	at java.base/java.io.FileOutputStream.open(FileOutputStream.java:289) ~[?:?]
	at java.base/java.io.FileOutputStream.<init>(FileOutputStream.java:230) ~[?:?]
	at java.base/java.io.FileOutputStream.<init>(FileOutputStream.java:179) ~[?:?]
	at java.base/java.io.FileWriter.<init>(FileWriter.java:98) ~[?:?]
	at TRANSFORMER/webdisplays@2.0.0/net.montoyo.wd.WebDisplays.onWorldSave(WebDisplays.java:242) ~[WebDisplays-REMASTER-2.0.0.jar%23352!/:2.0.0]
	at MC-BOOTSTRAP/net.neoforged.bus/net.neoforged.bus.EventBus.post(EventBus.java:360) ~[bus-8.0.5.jar%2360!/:?]
	at MC-BOOTSTRAP/net.neoforged.bus/net.neoforged.bus.EventBus.post(EventBus.java:328) ~[bus-8.0.5.jar%2360!/:?]
	at TRANSFORMER/minecraft@1.21.1/net.minecraft.server.level.ServerLevel.save(ServerLevel.java:825) ~[server-1.21.1-20240808.144430-srg.jar%23233!/:?]
	at TRANSFORMER/minecraft@1.21.1/net.minecraft.server.MinecraftServer.saveAllChunks(MinecraftServer.java:551) ~[server-1.21.1-20240808.144430-srg.jar%23233!/:?]
	at TRANSFORMER/minecraft@1.21.1/net.minecraft.server.MinecraftServer.saveEverything(MinecraftServer.java:576) ~[server-1.21.1-20240808.144430-srg.jar%23233!/:?]
	at TRANSFORMER/minecraft@1.21.1/net.minecraft.server.MinecraftServer.tickServer(MinecraftServer.java:929) ~[server-1.21.1-20240808.144430-srg.jar%23233!/:?]
	at TRANSFORMER/minecraft@1.21.1/net.minecraft.server.MinecraftServer.runServer(MinecraftServer.java:707) ~[server-1.21.1-20240808.144430-srg.jar%23233!/:?]
	at TRANSFORMER/minecraft@1.21.1/net.minecraft.server.MinecraftServer.lambda$spin$2(MinecraftServer.java:267) ~[server-1.21.1-20240808.144430-srg.jar%23233!/:?]
	at java.base/java.lang.Thread.run(Thread.java:1583) [?:?]
[22May2026 21:14:16.689] [Server thread/INFO] [dev.ryanhcode.sable.Sable/]: Saving sub-levels for level 'ServerLevel[world]'/minecraft:the_nether
[22May2026 21:14:16.689] [Server thread/INFO] [dev.ryanhcode.sable.Sable/]: Saving sub-levels for level 'ServerLevel[world]'/aether:the_aether
[22May2026 21:14:16.689] [Server thread/INFO] [dev.ryanhcode.sable.Sable/]: Saving sub-levels for level 'ServerLevel[world]'/createteleporters:pocket_dimension
[22May2026 21:14:16.689] [Server thread/INFO] [dev.ryanhcode.sable.Sable/]: Saving sub-levels for level 'ServerLevel[world]'/minecraft:the_end
[22May2026 21:18:03.681] [Server thread/INFO] [net.minecraft.server.MinecraftServer/]: GOAT-10 has reached the goal [Greed may lead to loss]
[22May2026 21:18:10.431] [Server thread/WARN] [tombstone/]: The death event of the player GOAT-10 was canceled by another mod
[22May2026 21:18:10.437] [Server thread/INFO] [tombstone/]: The player GOAT-10 has successfully been saved
[22May2026 21:18:32.140] [Server thread/INFO] [net.minecraft.server.MinecraftServer/]: GOAT-10 was slain by Zombie
[22May2026 21:18:37.478] [Server thread/INFO] [net.minecraft.server.network.ServerGamePacketListenerImpl/]: GOAT-10 lost connection: Disconnected
[22May2026 21:18:37.478] [Server thread/INFO] [net.minecraft.server.MinecraftServer/]: GOAT-10 left the game
[22May2026 21:18:45.793] [ForkJoinPool.commonPool-worker-19/WARN] [SkinRestorer/]: Failed to fetch skin 'mojang:GOAT-10'
java.lang.IllegalStateException: not found
	at TRANSFORMER/skinrestorer@2.7.0+1.21-neoforge/net.lionarius.skinrestorer.util.WebUtils.throwOnClientErrors(WebUtils.java:104) ~[?:?]
	at TRANSFORMER/skinrestorer@2.7.0+1.21-neoforge/net.lionarius.skinrestorer.skin.provider.base.YggdrasilSkinProvider.getProfile(YggdrasilSkinProvider.java:52) ~[?:?]
	at TRANSFORMER/skinrestorer@2.7.0+1.21-neoforge/net.lionarius.skinrestorer.skin.provider.builtin.MojangSkinProvider.lambda$new$0(MojangSkinProvider.java:44) ~[?:?]
	at TRANSFORMER/minecraft@1.21.1/net.minecraft.server.players.GameProfileCache.lookupGameProfile(GameProfileCache.java:95) ~[?:?]
	at TRANSFORMER/minecraft@1.21.1/net.minecraft.server.players.GameProfileCache.get(GameProfileCache.java:150) ~[?:?]
	at TRANSFORMER/skinrestorer@2.7.0+1.21-neoforge/net.lionarius.skinrestorer.skin.provider.builtin.MojangSkinProvider.resolveUuid(MojangSkinProvider.java:75) ~[?:?]
	at TRANSFORMER/skinrestorer@2.7.0+1.21-neoforge/net.lionarius.skinrestorer.skin.provider.base.ProfileSkinProvider.getCacheKey(ProfileSkinProvider.java:63) ~[?:?]
	at TRANSFORMER/skinrestorer@2.7.0+1.21-neoforge/net.lionarius.skinrestorer.skin.provider.base.ProfileSkinProvider.getCacheKey(ProfileSkinProvider.java:19) ~[?:?]
	at TRANSFORMER/skinrestorer@2.7.0+1.21-neoforge/net.lionarius.skinrestorer.skin.provider.base.AbstractSkinProvider.fetchSkin(AbstractSkinProvider.java:49) ~[?:?]
	at TRANSFORMER/minecraft@1.21.1/net.minecraft.server.network.ServerLoginPacketListenerImpl.md84db14$skinrestorer$lambda$skinrestorer$fetchSkin$1$1(ServerLoginPacketListenerImpl.java:598) ~[?:?]
	at java.base/java.util.Optional.map(Optional.java:260) ~[?:?]
	at TRANSFORMER/minecraft@1.21.1/net.minecraft.server.network.ServerLoginPacketListenerImpl.skinrestorer$fetchSkin(ServerLoginPacketListenerImpl.java:598) ~[?:?]
	at TRANSFORMER/minecraft@1.21.1/net.minecraft.server.network.ServerLoginPacketListenerImpl.md84db14$skinrestorer$lambda$waitForSkin$0$2(ServerLoginPacketListenerImpl.java:582) ~[?:?]
	at java.base/java.util.concurrent.CompletableFuture$AsyncSupply.run(CompletableFuture.java:1768) [?:?]
	at java.base/java.util.concurrent.CompletableFuture$AsyncSupply.exec(CompletableFuture.java:1760) [?:?]
	at java.base/java.util.concurrent.ForkJoinTask.doExec(ForkJoinTask.java:387) [?:?]
	at java.base/java.util.concurrent.ForkJoinPool$WorkQueue.topLevelExec(ForkJoinPool.java:1312) [?:?]
	at java.base/java.util.concurrent.ForkJoinPool.scan(ForkJoinPool.java:1843) [?:?]
	at java.base/java.util.concurrent.ForkJoinPool.runWorker(ForkJoinPool.java:1808) [?:?]
	at java.base/java.util.concurrent.ForkJoinWorkerThread.run(ForkJoinWorkerThread.java:188) [?:?]
[22May2026 21:18:53.965] [Server thread/INFO] [net.minecraft.server.players.PlayerList/]: GOAT-10[/10.215.22.218:55756] logged in with entity id 27369 at (573.5, 132.0, 844.5)
[22May2026 21:18:53.966] [Server thread/INFO] [dev.ryanhcode.sable.Sable/]: Beginning attempted authentication with player GOAT-10
[22May2026 21:18:53.973] [Server thread/INFO] [net.minecraft.server.MinecraftServer/]: GOAT-10 joined the game
[22May2026 21:18:54.017] [Server thread/INFO] [artifacts.Artifacts/]: Sending item configs to client
[22May2026 21:18:55.052] [Server thread/INFO] [net.tysontheember.emberstextapi.welcome.PlayerJoinEventHandler/]: EmbersTextAPI info message sent to player: GOAT-10
[22May2026 21:19:01.473] [Netty Epoll Server IO #7/ERROR] [net.minecraft.network.Connection/]: Exception caught in connection
io.netty.channel.unix.Errors$NativeIoException: recvAddress(..) failed: Connection reset by peer
[22May2026 21:19:01.482] [Server thread/INFO] [net.minecraft.server.network.ServerGamePacketListenerImpl/]: GOAT-10 lost connection: Disconnected
[22May2026 21:19:01.483] [Server thread/INFO] [net.minecraft.server.MinecraftServer/]: GOAT-10 left the game
[22May2026 21:19:16.626] [Server thread/INFO] [dev.ryanhcode.sable.Sable/]: Saving sub-levels for level 'ServerLevel[world]'/minecraft:overworld
[22May2026 21:19:16.651] [Server thread/WARN] [net.montoyo.wd.utilities.Log/]: Could not save last minePad ID (0) to /wd_next.txt. I'm afraid this might break all minePads.
java.io.FileNotFoundException: /wd_next.txt (Permission denied)
	at java.base/java.io.FileOutputStream.open0(Native Method) ~[?:?]
	at java.base/java.io.FileOutputStream.open(FileOutputStream.java:289) ~[?:?]
	at java.base/java.io.FileOutputStream.<init>(FileOutputStream.java:230) ~[?:?]
	at java.base/java.io.FileOutputStream.<init>(FileOutputStream.java:179) ~[?:?]
	at java.base/java.io.FileWriter.<init>(FileWriter.java:98) ~[?:?]
	at TRANSFORMER/webdisplays@2.0.0/net.montoyo.wd.WebDisplays.onWorldSave(WebDisplays.java:242) ~[WebDisplays-REMASTER-2.0.0.jar%23352!/:2.0.0]
	at MC-BOOTSTRAP/net.neoforged.bus/net.neoforged.bus.EventBus.post(EventBus.java:360) ~[bus-8.0.5.jar%2360!/:?]
	at MC-BOOTSTRAP/net.neoforged.bus/net.neoforged.bus.EventBus.post(EventBus.java:328) ~[bus-8.0.5.jar%2360!/:?]
	at TRANSFORMER/minecraft@1.21.1/net.minecraft.server.level.ServerLevel.save(ServerLevel.java:825) ~[server-1.21.1-20240808.144430-srg.jar%23233!/:?]
	at TRANSFORMER/minecraft@1.21.1/net.minecraft.server.MinecraftServer.saveAllChunks(MinecraftServer.java:551) ~[server-1.21.1-20240808.144430-srg.jar%23233!/:?]
	at TRANSFORMER/minecraft@1.21.1/net.minecraft.server.MinecraftServer.saveEverything(MinecraftServer.java:576) ~[server-1.21.1-20240808.144430-srg.jar%23233!/:?]
	at TRANSFORMER/minecraft@1.21.1/net.minecraft.server.MinecraftServer.tickServer(MinecraftServer.java:929) ~[server-1.21.1-20240808.144430-srg.jar%23233!/:?]
	at TRANSFORMER/minecraft@1.21.1/net.minecraft.server.MinecraftServer.runServer(MinecraftServer.java:707) ~[server-1.21.1-20240808.144430-srg.jar%23233!/:?]
	at TRANSFORMER/minecraft@1.21.1/net.minecraft.server.MinecraftServer.lambda$spin$2(MinecraftServer.java:267) ~[server-1.21.1-20240808.144430-srg.jar%23233!/:?]
	at java.base/java.lang.Thread.run(Thread.java:1583) [?:?]
[22May2026 21:19:16.652] [Server thread/INFO] [dev.ryanhcode.sable.Sable/]: Saving sub-levels for level 'ServerLevel[world]'/minecraft:the_nether
[22May2026 21:19:16.653] [Server thread/INFO] [dev.ryanhcode.sable.Sable/]: Saving sub-levels for level 'ServerLevel[world]'/aether:the_aether
[22May2026 21:19:16.653] [Server thread/INFO] [dev.ryanhcode.sable.Sable/]: Saving sub-levels for level 'ServerLevel[world]'/createteleporters:pocket_dimension
[22May2026 21:19:16.653] [Server thread/INFO] [dev.ryanhcode.sable.Sable/]: Saving sub-levels for level 'ServerLevel[world]'/minecraft:the_end
[22May2026 21:20:57.462] [ForkJoinPool.commonPool-worker-21/WARN] [SkinRestorer/]: Failed to fetch skin 'mojang:GOAT-10'
java.lang.IllegalStateException: not found
	at TRANSFORMER/skinrestorer@2.7.0+1.21-neoforge/net.lionarius.skinrestorer.util.WebUtils.throwOnClientErrors(WebUtils.java:104) ~[?:?]
	at TRANSFORMER/skinrestorer@2.7.0+1.21-neoforge/net.lionarius.skinrestorer.skin.provider.base.YggdrasilSkinProvider.getProfile(YggdrasilSkinProvider.java:52) ~[?:?]
	at TRANSFORMER/skinrestorer@2.7.0+1.21-neoforge/net.lionarius.skinrestorer.skin.provider.builtin.MojangSkinProvider.lambda$new$0(MojangSkinProvider.java:44) ~[?:?]
	at TRANSFORMER/minecraft@1.21.1/net.minecraft.server.players.GameProfileCache.lookupGameProfile(GameProfileCache.java:95) ~[?:?]
	at TRANSFORMER/minecraft@1.21.1/net.minecraft.server.players.GameProfileCache.get(GameProfileCache.java:150) ~[?:?]
	at TRANSFORMER/skinrestorer@2.7.0+1.21-neoforge/net.lionarius.skinrestorer.skin.provider.builtin.MojangSkinProvider.resolveUuid(MojangSkinProvider.java:75) ~[?:?]
	at TRANSFORMER/skinrestorer@2.7.0+1.21-neoforge/net.lionarius.skinrestorer.skin.provider.base.ProfileSkinProvider.getCacheKey(ProfileSkinProvider.java:63) ~[?:?]
	at TRANSFORMER/skinrestorer@2.7.0+1.21-neoforge/net.lionarius.skinrestorer.skin.provider.base.ProfileSkinProvider.getCacheKey(ProfileSkinProvider.java:19) ~[?:?]
	at TRANSFORMER/skinrestorer@2.7.0+1.21-neoforge/net.lionarius.skinrestorer.skin.provider.base.AbstractSkinProvider.fetchSkin(AbstractSkinProvider.java:49) ~[?:?]
	at TRANSFORMER/minecraft@1.21.1/net.minecraft.server.network.ServerLoginPacketListenerImpl.md84db14$skinrestorer$lambda$skinrestorer$fetchSkin$1$1(ServerLoginPacketListenerImpl.java:598) ~[?:?]
	at java.base/java.util.Optional.map(Optional.java:260) ~[?:?]
	at TRANSFORMER/minecraft@1.21.1/net.minecraft.server.network.ServerLoginPacketListenerImpl.skinrestorer$fetchSkin(ServerLoginPacketListenerImpl.java:598) ~[?:?]
	at TRANSFORMER/minecraft@1.21.1/net.minecraft.server.network.ServerLoginPacketListenerImpl.md84db14$skinrestorer$lambda$waitForSkin$0$2(ServerLoginPacketListenerImpl.java:582) ~[?:?]
	at java.base/java.util.concurrent.CompletableFuture$AsyncSupply.run(CompletableFuture.java:1768) [?:?]
	at java.base/java.util.concurrent.CompletableFuture$AsyncSupply.exec(CompletableFuture.java:1760) [?:?]
	at java.base/java.util.concurrent.ForkJoinTask.doExec(ForkJoinTask.java:387) [?:?]
	at java.base/java.util.concurrent.ForkJoinPool$WorkQueue.topLevelExec(ForkJoinPool.java:1312) [?:?]
	at java.base/java.util.concurrent.ForkJoinPool.scan(ForkJoinPool.java:1843) [?:?]
	at java.base/java.util.concurrent.ForkJoinPool.runWorker(ForkJoinPool.java:1808) [?:?]
	at java.base/java.util.concurrent.ForkJoinWorkerThread.run(ForkJoinWorkerThread.java:188) [?:?]
[22May2026 21:21:05.744] [Server thread/INFO] [net.minecraft.server.players.PlayerList/]: GOAT-10[/10.215.22.218:54828] logged in with entity id 27680 at (573.5, 132.0, 844.5)
[22May2026 21:21:05.745] [Server thread/INFO] [dev.ryanhcode.sable.Sable/]: Beginning attempted authentication with player GOAT-10
[22May2026 21:21:05.750] [Server thread/INFO] [net.minecraft.server.MinecraftServer/]: GOAT-10 joined the game
[22May2026 21:21:05.780] [Server thread/INFO] [artifacts.Artifacts/]: Sending item configs to client
[22May2026 21:21:07.266] [Netty Epoll Server IO #0/INFO] [dev.ryanhcode.sable.Sable/]: UDP authentication complete with /10.215.22.218:54828, UDP routing to /10.215.22.218:49670
[22May2026 21:21:15.706] [MiniServServer/INFO] [net.montoyo.wd.utilities.Log/]: Client with UUID 6eeb5c32-6bf0-36ad-b33b-b688a36774b0 authenticated successfully
[22May2026 21:21:15.706] [MiniServServer/WARN] [net.montoyo.wd.utilities.Log/]: Could not create storage directory for user 6eeb5c32-6bf0-36ad-b33b-b688a36774b0, things may go wrong...
[22May2026 21:22:57.129] [Server thread/WARN] [tombstone/]: The death event of the player GOAT-10 was canceled by another mod
[22May2026 21:22:57.136] [Server thread/INFO] [tombstone/]: The player GOAT-10 has successfully been saved
[22May2026 21:23:24.850] [Server thread/INFO] [net.minecraft.server.MinecraftServer/]: GOAT-10 was slain by Zombie
[22May2026 21:23:30.725] [Server thread/INFO] [net.minecraft.server.network.ServerGamePacketListenerImpl/]: GOAT-10 lost connection: Disconnected
[22May2026 21:23:30.725] [Server thread/INFO] [net.minecraft.server.MinecraftServer/]: GOAT-10 left the game
[22May2026 21:23:40.302] [ForkJoinPool.commonPool-worker-23/WARN] [SkinRestorer/]: Failed to fetch skin 'mojang:GOAT-10'
java.lang.IllegalStateException: not found
	at TRANSFORMER/skinrestorer@2.7.0+1.21-neoforge/net.lionarius.skinrestorer.util.WebUtils.throwOnClientErrors(WebUtils.java:104) ~[?:?]
	at TRANSFORMER/skinrestorer@2.7.0+1.21-neoforge/net.lionarius.skinrestorer.skin.provider.base.YggdrasilSkinProvider.getProfile(YggdrasilSkinProvider.java:52) ~[?:?]
	at TRANSFORMER/skinrestorer@2.7.0+1.21-neoforge/net.lionarius.skinrestorer.skin.provider.builtin.MojangSkinProvider.lambda$new$0(MojangSkinProvider.java:44) ~[?:?]
	at TRANSFORMER/minecraft@1.21.1/net.minecraft.server.players.GameProfileCache.lookupGameProfile(GameProfileCache.java:95) ~[?:?]
	at TRANSFORMER/minecraft@1.21.1/net.minecraft.server.players.GameProfileCache.get(GameProfileCache.java:150) ~[?:?]
	at TRANSFORMER/skinrestorer@2.7.0+1.21-neoforge/net.lionarius.skinrestorer.skin.provider.builtin.MojangSkinProvider.resolveUuid(MojangSkinProvider.java:75) ~[?:?]
	at TRANSFORMER/skinrestorer@2.7.0+1.21-neoforge/net.lionarius.skinrestorer.skin.provider.base.ProfileSkinProvider.getCacheKey(ProfileSkinProvider.java:63) ~[?:?]
	at TRANSFORMER/skinrestorer@2.7.0+1.21-neoforge/net.lionarius.skinrestorer.skin.provider.base.ProfileSkinProvider.getCacheKey(ProfileSkinProvider.java:19) ~[?:?]
	at TRANSFORMER/skinrestorer@2.7.0+1.21-neoforge/net.lionarius.skinrestorer.skin.provider.base.AbstractSkinProvider.fetchSkin(AbstractSkinProvider.java:49) ~[?:?]
	at TRANSFORMER/minecraft@1.21.1/net.minecraft.server.network.ServerLoginPacketListenerImpl.md84db14$skinrestorer$lambda$skinrestorer$fetchSkin$1$1(ServerLoginPacketListenerImpl.java:598) ~[?:?]
	at java.base/java.util.Optional.map(Optional.java:260) ~[?:?]
	at TRANSFORMER/minecraft@1.21.1/net.minecraft.server.network.ServerLoginPacketListenerImpl.skinrestorer$fetchSkin(ServerLoginPacketListenerImpl.java:598) ~[?:?]
	at TRANSFORMER/minecraft@1.21.1/net.minecraft.server.network.ServerLoginPacketListenerImpl.md84db14$skinrestorer$lambda$waitForSkin$0$2(ServerLoginPacketListenerImpl.java:582) ~[?:?]
	at java.base/java.util.concurrent.CompletableFuture$AsyncSupply.run(CompletableFuture.java:1768) [?:?]
	at java.base/java.util.concurrent.CompletableFuture$AsyncSupply.exec(CompletableFuture.java:1760) [?:?]
	at java.base/java.util.concurrent.ForkJoinTask.doExec(ForkJoinTask.java:387) [?:?]
	at java.base/java.util.concurrent.ForkJoinPool$WorkQueue.topLevelExec(ForkJoinPool.java:1312) [?:?]
	at java.base/java.util.concurrent.ForkJoinPool.scan(ForkJoinPool.java:1843) [?:?]
	at java.base/java.util.concurrent.ForkJoinPool.runWorker(ForkJoinPool.java:1808) [?:?]
	at java.base/java.util.concurrent.ForkJoinWorkerThread.run(ForkJoinWorkerThread.java:188) [?:?]
[22May2026 21:23:47.724] [Server thread/INFO] [net.minecraft.server.players.PlayerList/]: GOAT-10[/10.215.22.218:64179] logged in with entity id 28784 at (573.5, 132.0, 844.5)
[22May2026 21:23:47.725] [Server thread/INFO] [dev.ryanhcode.sable.Sable/]: Beginning attempted authentication with player GOAT-10
[22May2026 21:23:47.729] [Server thread/INFO] [net.minecraft.server.MinecraftServer/]: GOAT-10 joined the game
[22May2026 21:23:47.759] [Server thread/INFO] [artifacts.Artifacts/]: Sending item configs to client
[22May2026 21:23:48.800] [Server thread/INFO] [net.tysontheember.emberstextapi.welcome.PlayerJoinEventHandler/]: EmbersTextAPI info message sent to player: GOAT-10
[22May2026 21:24:16.663] [Server thread/INFO] [dev.ryanhcode.sable.Sable/]: Saving sub-levels for level 'ServerLevel[world]'/minecraft:overworld
[22May2026 21:24:16.686] [Server thread/WARN] [net.montoyo.wd.utilities.Log/]: Could not save last minePad ID (0) to /wd_next.txt. I'm afraid this might break all minePads.
java.io.FileNotFoundException: /wd_next.txt (Permission denied)
	at java.base/java.io.FileOutputStream.open0(Native Method) ~[?:?]
	at java.base/java.io.FileOutputStream.open(FileOutputStream.java:289) ~[?:?]
	at java.base/java.io.FileOutputStream.<init>(FileOutputStream.java:230) ~[?:?]
	at java.base/java.io.FileOutputStream.<init>(FileOutputStream.java:179) ~[?:?]
	at java.base/java.io.FileWriter.<init>(FileWriter.java:98) ~[?:?]
	at TRANSFORMER/webdisplays@2.0.0/net.montoyo.wd.WebDisplays.onWorldSave(WebDisplays.java:242) ~[WebDisplays-REMASTER-2.0.0.jar%23352!/:2.0.0]
	at MC-BOOTSTRAP/net.neoforged.bus/net.neoforged.bus.EventBus.post(EventBus.java:360) ~[bus-8.0.5.jar%2360!/:?]
	at MC-BOOTSTRAP/net.neoforged.bus/net.neoforged.bus.EventBus.post(EventBus.java:328) ~[bus-8.0.5.jar%2360!/:?]
	at TRANSFORMER/minecraft@1.21.1/net.minecraft.server.level.ServerLevel.save(ServerLevel.java:825) ~[server-1.21.1-20240808.144430-srg.jar%23233!/:?]
	at TRANSFORMER/minecraft@1.21.1/net.minecraft.server.MinecraftServer.saveAllChunks(MinecraftServer.java:551) ~[server-1.21.1-20240808.144430-srg.jar%23233!/:?]
	at TRANSFORMER/minecraft@1.21.1/net.minecraft.server.MinecraftServer.saveEverything(MinecraftServer.java:576) ~[server-1.21.1-20240808.144430-srg.jar%23233!/:?]
	at TRANSFORMER/minecraft@1.21.1/net.minecraft.server.MinecraftServer.tickServer(MinecraftServer.java:929) ~[server-1.21.1-20240808.144430-srg.jar%23233!/:?]
	at TRANSFORMER/minecraft@1.21.1/net.minecraft.server.MinecraftServer.runServer(MinecraftServer.java:707) ~[server-1.21.1-20240808.144430-srg.jar%23233!/:?]
	at TRANSFORMER/minecraft@1.21.1/net.minecraft.server.MinecraftServer.lambda$spin$2(MinecraftServer.java:267) ~[server-1.21.1-20240808.144430-srg.jar%23233!/:?]
	at java.base/java.lang.Thread.run(Thread.java:1583) [?:?]
[22May2026 21:24:16.687] [Server thread/INFO] [dev.ryanhcode.sable.Sable/]: Saving sub-levels for level 'ServerLevel[world]'/minecraft:the_nether
[22May2026 21:24:16.688] [Server thread/INFO] [dev.ryanhcode.sable.Sable/]: Saving sub-levels for level 'ServerLevel[world]'/aether:the_aether
[22May2026 21:24:16.688] [Server thread/INFO] [dev.ryanhcode.sable.Sable/]: Saving sub-levels for level 'ServerLevel[world]'/createteleporters:pocket_dimension
[22May2026 21:24:16.688] [Server thread/INFO] [dev.ryanhcode.sable.Sable/]: Saving sub-levels for level 'ServerLevel[world]'/minecraft:the_end
[22May2026 21:24:17.680] [Server thread/INFO] [net.minecraft.server.network.ServerGamePacketListenerImpl/]: GOAT-10 lost connection: Timed out
[22May2026 21:24:17.680] [Server thread/INFO] [net.minecraft.server.MinecraftServer/]: GOAT-10 left the game
[22May2026 21:25:56.497] [ForkJoinPool.commonPool-worker-25/WARN] [SkinRestorer/]: Failed to fetch skin 'mojang:GOAT-10'
java.lang.IllegalStateException: not found
	at TRANSFORMER/skinrestorer@2.7.0+1.21-neoforge/net.lionarius.skinrestorer.util.WebUtils.throwOnClientErrors(WebUtils.java:104) ~[?:?]
	at TRANSFORMER/skinrestorer@2.7.0+1.21-neoforge/net.lionarius.skinrestorer.skin.provider.base.YggdrasilSkinProvider.getProfile(YggdrasilSkinProvider.java:52) ~[?:?]
	at TRANSFORMER/skinrestorer@2.7.0+1.21-neoforge/net.lionarius.skinrestorer.skin.provider.builtin.MojangSkinProvider.lambda$new$0(MojangSkinProvider.java:44) ~[?:?]
	at TRANSFORMER/minecraft@1.21.1/net.minecraft.server.players.GameProfileCache.lookupGameProfile(GameProfileCache.java:95) ~[?:?]
	at TRANSFORMER/minecraft@1.21.1/net.minecraft.server.players.GameProfileCache.get(GameProfileCache.java:150) ~[?:?]
	at TRANSFORMER/skinrestorer@2.7.0+1.21-neoforge/net.lionarius.skinrestorer.skin.provider.builtin.MojangSkinProvider.resolveUuid(MojangSkinProvider.java:75) ~[?:?]
	at TRANSFORMER/skinrestorer@2.7.0+1.21-neoforge/net.lionarius.skinrestorer.skin.provider.base.ProfileSkinProvider.getCacheKey(ProfileSkinProvider.java:63) ~[?:?]
	at TRANSFORMER/skinrestorer@2.7.0+1.21-neoforge/net.lionarius.skinrestorer.skin.provider.base.ProfileSkinProvider.getCacheKey(ProfileSkinProvider.java:19) ~[?:?]
	at TRANSFORMER/skinrestorer@2.7.0+1.21-neoforge/net.lionarius.skinrestorer.skin.provider.base.AbstractSkinProvider.fetchSkin(AbstractSkinProvider.java:49) ~[?:?]
	at TRANSFORMER/minecraft@1.21.1/net.minecraft.server.network.ServerLoginPacketListenerImpl.md84db14$skinrestorer$lambda$skinrestorer$fetchSkin$1$1(ServerLoginPacketListenerImpl.java:598) ~[?:?]
	at java.base/java.util.Optional.map(Optional.java:260) ~[?:?]
	at TRANSFORMER/minecraft@1.21.1/net.minecraft.server.network.ServerLoginPacketListenerImpl.skinrestorer$fetchSkin(ServerLoginPacketListenerImpl.java:598) ~[?:?]
	at TRANSFORMER/minecraft@1.21.1/net.minecraft.server.network.ServerLoginPacketListenerImpl.md84db14$skinrestorer$lambda$waitForSkin$0$2(ServerLoginPacketListenerImpl.java:582) ~[?:?]
	at java.base/java.util.concurrent.CompletableFuture$AsyncSupply.run(CompletableFuture.java:1768) [?:?]
	at java.base/java.util.concurrent.CompletableFuture$AsyncSupply.exec(CompletableFuture.java:1760) [?:?]
	at java.base/java.util.concurrent.ForkJoinTask.doExec(ForkJoinTask.java:387) [?:?]
	at java.base/java.util.concurrent.ForkJoinPool$WorkQueue.topLevelExec(ForkJoinPool.java:1312) [?:?]
	at java.base/java.util.concurrent.ForkJoinPool.scan(ForkJoinPool.java:1843) [?:?]
	at java.base/java.util.concurrent.ForkJoinPool.runWorker(ForkJoinPool.java:1808) [?:?]
	at java.base/java.util.concurrent.ForkJoinWorkerThread.run(ForkJoinWorkerThread.java:188) [?:?]
[22May2026 21:26:04.663] [Server thread/INFO] [net.minecraft.server.players.PlayerList/]: GOAT-10[/10.215.22.218:50245] logged in with entity id 29186 at (573.5, 132.0, 844.5)
[22May2026 21:26:04.664] [Server thread/INFO] [dev.ryanhcode.sable.Sable/]: Beginning attempted authentication with player GOAT-10
[22May2026 21:26:04.669] [Server thread/INFO] [net.minecraft.server.MinecraftServer/]: GOAT-10 joined the game
[22May2026 21:26:04.706] [Server thread/INFO] [artifacts.Artifacts/]: Sending item configs to client
[22May2026 21:26:06.616] [Netty Epoll Server IO #0/INFO] [dev.ryanhcode.sable.Sable/]: UDP authentication complete with /10.215.22.218:50245, UDP routing to /10.215.22.218:60277
[22May2026 21:26:13.969] [MiniServServer/INFO] [net.montoyo.wd.utilities.Log/]: Client with UUID 6eeb5c32-6bf0-36ad-b33b-b688a36774b0 authenticated successfully
[22May2026 21:26:13.969] [MiniServServer/WARN] [net.montoyo.wd.utilities.Log/]: Could not create storage directory for user 6eeb5c32-6bf0-36ad-b33b-b688a36774b0, things may go wrong...
[22May2026 21:27:11.443] [Server thread/INFO] [net.minecraft.server.MinecraftServer/]: [ElFenix09: Teleported GOAT-10 to ElFenix09]
[22May2026 21:29:16.658] [Server thread/INFO] [dev.ryanhcode.sable.Sable/]: Saving sub-levels for level 'ServerLevel[world]'/minecraft:overworld
[22May2026 21:29:16.677] [Server thread/WARN] [net.montoyo.wd.utilities.Log/]: Could not save last minePad ID (0) to /wd_next.txt. I'm afraid this might break all minePads.
java.io.FileNotFoundException: /wd_next.txt (Permission denied)
	at java.base/java.io.FileOutputStream.open0(Native Method) ~[?:?]
	at java.base/java.io.FileOutputStream.open(FileOutputStream.java:289) ~[?:?]
	at java.base/java.io.FileOutputStream.<init>(FileOutputStream.java:230) ~[?:?]
	at java.base/java.io.FileOutputStream.<init>(FileOutputStream.java:179) ~[?:?]
	at java.base/java.io.FileWriter.<init>(FileWriter.java:98) ~[?:?]
	at TRANSFORMER/webdisplays@2.0.0/net.montoyo.wd.WebDisplays.onWorldSave(WebDisplays.java:242) ~[WebDisplays-REMASTER-2.0.0.jar%23352!/:2.0.0]
	at MC-BOOTSTRAP/net.neoforged.bus/net.neoforged.bus.EventBus.post(EventBus.java:360) ~[bus-8.0.5.jar%2360!/:?]
	at MC-BOOTSTRAP/net.neoforged.bus/net.neoforged.bus.EventBus.post(EventBus.java:328) ~[bus-8.0.5.jar%2360!/:?]
	at TRANSFORMER/minecraft@1.21.1/net.minecraft.server.level.ServerLevel.save(ServerLevel.java:825) ~[server-1.21.1-20240808.144430-srg.jar%23233!/:?]
	at TRANSFORMER/minecraft@1.21.1/net.minecraft.server.MinecraftServer.saveAllChunks(MinecraftServer.java:551) ~[server-1.21.1-20240808.144430-srg.jar%23233!/:?]
	at TRANSFORMER/minecraft@1.21.1/net.minecraft.server.MinecraftServer.saveEverything(MinecraftServer.java:576) ~[server-1.21.1-20240808.144430-srg.jar%23233!/:?]
	at TRANSFORMER/minecraft@1.21.1/net.minecraft.server.MinecraftServer.tickServer(MinecraftServer.java:929) ~[server-1.21.1-20240808.144430-srg.jar%23233!/:?]
	at TRANSFORMER/minecraft@1.21.1/net.minecraft.server.MinecraftServer.runServer(MinecraftServer.java:707) ~[server-1.21.1-20240808.144430-srg.jar%23233!/:?]
	at TRANSFORMER/minecraft@1.21.1/net.minecraft.server.MinecraftServer.lambda$spin$2(MinecraftServer.java:267) ~[server-1.21.1-20240808.144430-srg.jar%23233!/:?]
	at java.base/java.lang.Thread.run(Thread.java:1583) [?:?]
[22May2026 21:29:16.678] [Server thread/INFO] [dev.ryanhcode.sable.Sable/]: Saving sub-levels for level 'ServerLevel[world]'/minecraft:the_nether
[22May2026 21:29:16.678] [Server thread/INFO] [dev.ryanhcode.sable.Sable/]: Saving sub-levels for level 'ServerLevel[world]'/aether:the_aether
[22May2026 21:29:16.679] [Server thread/INFO] [dev.ryanhcode.sable.Sable/]: Saving sub-levels for level 'ServerLevel[world]'/createteleporters:pocket_dimension
[22May2026 21:29:16.679] [Server thread/INFO] [dev.ryanhcode.sable.Sable/]: Saving sub-levels for level 'ServerLevel[world]'/minecraft:the_end
[22May2026 21:30:21.596] [Server thread/INFO] [net.minecraft.server.MinecraftServer/]: GOAT-10 has reached the goal [Horror of the Depths]
[22May2026 21:30:48.733] [Server thread/INFO] [net.minecraft.server.MinecraftServer/]: GOAT-10 has made the advancement [Disgusting Lootbox]
[22May2026 21:32:15.882] [Server thread/INFO] [net.minecraft.server.network.ServerGamePacketListenerImpl/]: GOAT-10 lost connection: Disconnected
[22May2026 21:32:15.883] [Server thread/INFO] [net.minecraft.server.MinecraftServer/]: GOAT-10 left the game
[22May2026 21:32:18.500] [MiniServServer/WARN] [net.montoyo.wd.utilities.Log/]: Could not read data from client
java.net.SocketException: Connection reset
	at java.base/sun.nio.ch.SocketChannelImpl.throwConnectionReset(SocketChannelImpl.java:401) ~[?:?]
	at java.base/sun.nio.ch.SocketChannelImpl.read(SocketChannelImpl.java:434) ~[?:?]
	at TRANSFORMER/webdisplays@2.0.0/net.montoyo.wd.miniserv.server.Server.loopUnsafe(Server.java:176) ~[WebDisplays-REMASTER-2.0.0.jar%23352!/:2.0.0]
	at TRANSFORMER/webdisplays@2.0.0/net.montoyo.wd.miniserv.server.Server.run(Server.java:117) ~[WebDisplays-REMASTER-2.0.0.jar%23352!/:2.0.0]
	at java.base/java.lang.Thread.run(Thread.java:1583) [?:?]
[22May2026 21:34:16.616] [Server thread/INFO] [dev.ryanhcode.sable.Sable/]: Saving sub-levels for level 'ServerLevel[world]'/minecraft:overworld
[22May2026 21:34:16.636] [Server thread/WARN] [net.montoyo.wd.utilities.Log/]: Could not save last minePad ID (0) to /wd_next.txt. I'm afraid this might break all minePads.
java.io.FileNotFoundException: /wd_next.txt (Permission denied)
	at java.base/java.io.FileOutputStream.open0(Native Method) ~[?:?]
	at java.base/java.io.FileOutputStream.open(FileOutputStream.java:289) ~[?:?]
	at java.base/java.io.FileOutputStream.<init>(FileOutputStream.java:230) ~[?:?]
	at java.base/java.io.FileOutputStream.<init>(FileOutputStream.java:179) ~[?:?]
	at java.base/java.io.FileWriter.<init>(FileWriter.java:98) ~[?:?]
	at TRANSFORMER/webdisplays@2.0.0/net.montoyo.wd.WebDisplays.onWorldSave(WebDisplays.java:242) ~[WebDisplays-REMASTER-2.0.0.jar%23352!/:2.0.0]
	at MC-BOOTSTRAP/net.neoforged.bus/net.neoforged.bus.EventBus.post(EventBus.java:360) ~[bus-8.0.5.jar%2360!/:?]
	at MC-BOOTSTRAP/net.neoforged.bus/net.neoforged.bus.EventBus.post(EventBus.java:328) ~[bus-8.0.5.jar%2360!/:?]
	at TRANSFORMER/minecraft@1.21.1/net.minecraft.server.level.ServerLevel.save(ServerLevel.java:825) ~[server-1.21.1-20240808.144430-srg.jar%23233!/:?]
	at TRANSFORMER/minecraft@1.21.1/net.minecraft.server.MinecraftServer.saveAllChunks(MinecraftServer.java:551) ~[server-1.21.1-20240808.144430-srg.jar%23233!/:?]
	at TRANSFORMER/minecraft@1.21.1/net.minecraft.server.MinecraftServer.saveEverything(MinecraftServer.java:576) ~[server-1.21.1-20240808.144430-srg.jar%23233!/:?]
	at TRANSFORMER/minecraft@1.21.1/net.minecraft.server.MinecraftServer.tickServer(MinecraftServer.java:929) ~[server-1.21.1-20240808.144430-srg.jar%23233!/:?]
	at TRANSFORMER/minecraft@1.21.1/net.minecraft.server.MinecraftServer.runServer(MinecraftServer.java:707) ~[server-1.21.1-20240808.144430-srg.jar%23233!/:?]
	at TRANSFORMER/minecraft@1.21.1/net.minecraft.server.MinecraftServer.lambda$spin$2(MinecraftServer.java:267) ~[server-1.21.1-20240808.144430-srg.jar%23233!/:?]
	at java.base/java.lang.Thread.run(Thread.java:1583) [?:?]
[22May2026 21:34:16.636] [Server thread/INFO] [dev.ryanhcode.sable.Sable/]: Saving sub-levels for level 'ServerLevel[world]'/minecraft:the_nether
[22May2026 21:34:16.637] [Server thread/INFO] [dev.ryanhcode.sable.Sable/]: Saving sub-levels for level 'ServerLevel[world]'/aether:the_aether
[22May2026 21:34:16.637] [Server thread/INFO] [dev.ryanhcode.sable.Sable/]: Saving sub-levels for level 'ServerLevel[world]'/createteleporters:pocket_dimension
[22May2026 21:34:16.637] [Server thread/INFO] [dev.ryanhcode.sable.Sable/]: Saving sub-levels for level 'ServerLevel[world]'/minecraft:the_end
[22May2026 21:37:17.623] [Server thread/INFO] [net.minecraft.server.network.ServerGamePacketListenerImpl/]: ElFenix09 lost connection: Disconnected
[22May2026 21:37:17.624] [Server thread/INFO] [net.minecraft.server.MinecraftServer/]: ElFenix09 left the game
[22May2026 21:37:28.716] [Server thread/INFO] [net.minecraft.server.MinecraftServer/]: Stopping the server
[22May2026 21:37:28.772] [Server thread/INFO] [net.montoyo.wd.utilities.Log/]: Miniserv server stopped
[22May2026 21:37:28.779] [Server thread/INFO] [net.minecraft.server.MinecraftServer/]: Stopping server
[22May2026 21:37:28.783] [Server thread/INFO] [net.minecraft.server.MinecraftServer/]: Saving players
[22May2026 21:37:28.783] [Server thread/INFO] [net.minecraft.server.MinecraftServer/]: Saving worlds
[22May2026 21:37:28.854] [Server thread/INFO] [net.minecraft.server.MinecraftServer/]: Saving chunks for level 'ServerLevel[world]'/minecraft:overworld
[22May2026 21:37:28.856] [Server thread/INFO] [dev.ryanhcode.sable.Sable/]: Saving sub-levels for level 'ServerLevel[world]'/minecraft:overworld
[22May2026 21:37:28.910] [Server thread/WARN] [net.montoyo.wd.utilities.Log/]: Could not save last minePad ID (0) to /wd_next.txt. I'm afraid this might break all minePads.
java.io.FileNotFoundException: /wd_next.txt (Permission denied)
	at java.base/java.io.FileOutputStream.open0(Native Method) ~[?:?]
	at java.base/java.io.FileOutputStream.open(FileOutputStream.java:289) ~[?:?]
	at java.base/java.io.FileOutputStream.<init>(FileOutputStream.java:230) ~[?:?]
	at java.base/java.io.FileOutputStream.<init>(FileOutputStream.java:179) ~[?:?]
	at java.base/java.io.FileWriter.<init>(FileWriter.java:98) ~[?:?]
	at TRANSFORMER/webdisplays@2.0.0/net.montoyo.wd.WebDisplays.onWorldSave(WebDisplays.java:242) ~[WebDisplays-REMASTER-2.0.0.jar%23352!/:2.0.0]
	at MC-BOOTSTRAP/net.neoforged.bus/net.neoforged.bus.EventBus.post(EventBus.java:360) ~[bus-8.0.5.jar%2360!/:?]
	at MC-BOOTSTRAP/net.neoforged.bus/net.neoforged.bus.EventBus.post(EventBus.java:328) ~[bus-8.0.5.jar%2360!/:?]
	at TRANSFORMER/minecraft@1.21.1/net.minecraft.server.level.ServerLevel.save(ServerLevel.java:825) ~[server-1.21.1-20240808.144430-srg.jar%23233!/:?]
	at TRANSFORMER/minecraft@1.21.1/net.minecraft.server.MinecraftServer.saveAllChunks(MinecraftServer.java:551) ~[server-1.21.1-20240808.144430-srg.jar%23233!/:?]
	at TRANSFORMER/minecraft@1.21.1/net.minecraft.server.MinecraftServer.stopServer(MinecraftServer.java:622) ~[server-1.21.1-20240808.144430-srg.jar%23233!/:?]
	at TRANSFORMER/minecraft@1.21.1/net.minecraft.server.dedicated.DedicatedServer.stopServer(DedicatedServer.java:567) ~[server-1.21.1-20240808.144430-srg.jar%23233!/:?]
	at TRANSFORMER/minecraft@1.21.1/net.minecraft.server.MinecraftServer.runServer(MinecraftServer.java:742) ~[server-1.21.1-20240808.144430-srg.jar%23233!/:?]
	at TRANSFORMER/minecraft@1.21.1/net.minecraft.server.MinecraftServer.lambda$spin$2(MinecraftServer.java:267) ~[server-1.21.1-20240808.144430-srg.jar%23233!/:?]
	at java.base/java.lang.Thread.run(Thread.java:1583) [?:?]
[22May2026 21:37:28.912] [Server thread/INFO] [net.minecraft.server.MinecraftServer/]: Saving chunks for level 'ServerLevel[world]'/minecraft:the_nether
[22May2026 21:37:28.912] [Server thread/INFO] [dev.ryanhcode.sable.Sable/]: Saving sub-levels for level 'ServerLevel[world]'/minecraft:the_nether
[22May2026 21:37:28.922] [Server thread/INFO] [net.minecraft.server.MinecraftServer/]: Saving chunks for level 'ServerLevel[world]'/aether:the_aether
[22May2026 21:37:28.922] [Server thread/INFO] [dev.ryanhcode.sable.Sable/]: Saving sub-levels for level 'ServerLevel[world]'/aether:the_aether
[22May2026 21:37:28.932] [Server thread/INFO] [net.minecraft.server.MinecraftServer/]: Saving chunks for level 'ServerLevel[world]'/createteleporters:pocket_dimension
[22May2026 21:37:28.932] [Server thread/INFO] [dev.ryanhcode.sable.Sable/]: Saving sub-levels for level 'ServerLevel[world]'/createteleporters:pocket_dimension
[22May2026 21:37:28.938] [Server thread/INFO] [net.minecraft.server.MinecraftServer/]: Saving chunks for level 'ServerLevel[world]'/minecraft:the_end
[22May2026 21:37:28.938] [Server thread/INFO] [dev.ryanhcode.sable.Sable/]: Saving sub-levels for level 'ServerLevel[world]'/minecraft:the_end
[22May2026 21:37:28.949] [Server thread/INFO] [net.minecraft.server.MinecraftServer/]: ThreadedAnvilChunkStorage (world): All chunks are saved
[22May2026 21:37:28.949] [Server thread/INFO] [net.minecraft.server.MinecraftServer/]: ThreadedAnvilChunkStorage (DIM-1): All chunks are saved
[22May2026 21:37:28.949] [Server thread/INFO] [net.minecraft.server.MinecraftServer/]: ThreadedAnvilChunkStorage (the_aether): All chunks are saved
[22May2026 21:37:28.949] [Server thread/INFO] [net.minecraft.server.MinecraftServer/]: ThreadedAnvilChunkStorage (pocket_dimension): All chunks are saved
[22May2026 21:37:28.949] [Server thread/INFO] [net.minecraft.server.MinecraftServer/]: ThreadedAnvilChunkStorage (DIM1): All chunks are saved
[22May2026 21:37:28.949] [Server thread/INFO] [net.minecraft.server.MinecraftServer/]: ThreadedAnvilChunkStorage: All dimensions are saved
[22May2026 21:37:28.991] [Server thread/INFO] [Framework/]: Unloading server configs...
[22May2026 21:37:28.992] [Server thread/INFO] [Framework/]: Sending config unload event for goblintraders-entities.toml
[22May2026 21:37:28.995] [Server thread/INFO] [Framework/]: Finished unloading server configs
[22May2026 21:37:29.002] [Server thread/INFO] [Puzzles Lib/]: Dispatching unloading event for config mutantmonsters-server.toml
